Workbook

Sheet 2020a
A1: RSUD ULIN Electrical Load Consumption During Special Holidays (Year 2020)
A3: Category | B3: Special Holiday | C3: Day / Date | D3: Day | I3: WDMAX | J3: LDMAX
D4: H-4 (Wh) | E4: H-3 (Wh) | F4: H-2 (Wh) | G4: H-1 (Wh) | H4: H (Wh)
A5: General Holidays | B5: 1. New Year | C5: Wednesday, Jan 01 | D5: 21584538 | E5: 22686539 | F5: 23612437 | G5: 26977415 | H5: 22567256 | I5: =(D5+E5+F5+G5)/4 -> 23715232 | J5: =((H5-I5)/I5)*100 -> -4.8406691
B6: 2. Independence Day | C6: Monday, Aug 17 | D6: 25800705 | E6: 24137737 | F6: 23092416 | G6: 21587126 | H6: 23420438 | I6: =(D6+E6+F6+G6)/4 -> 23654496 | J6: =((H6-I6)/I6)*100 -> -0.98948546
A7: Islamic Holidays | B7: 1. Idul Adha | C7: Friday, Jul 31 | D7: 23826316 | E7: 20324142 | F7: 22423342 | G7: 21423342 | H7: 21625342 | I7: =(D7+E7+F7+G7)/4 -> 21999285 | J7: =((H7-I7)/I7)*100 -> -1.6997987
B8: 2. Islamic New Year | C8: Thursday, Aug 20 | D8: 22587125 | E8: 23998476 | F8: 22757125 | G8: 23689126 | H8: 23812488 | I8: =(D8+E8+F8+G8)/4 -> 23257963 | J8: =((H8-I8)/I8)*100 -> 2.3842395
B9: 3. Maulid | C9: Thursday, Oct 29 | D9: 26102310 | E9: 26567257 | F9: 25763257 | G9: 26363240 | H9: 26978630 | I9: =(D9+E9+F9+G9)/4 -> 26199016 | J9: =((H9-I9)/I9)*100 -> 2.9757394
B10: 4. Isra Mi'raj | C10: Sunday, Mar 22 | D10: 24520981 | E10: 25901645 | F10: 24987811 | G10: 26006907 | H10: 25901645 | I10: =(D10+E10+F10+G10)/4 -> 25354336 | J10: =((H10-I10)/I10)*100 -> 2.1586407
B11: 5. Idul Fitri I | C11: Sunday, May 24 | D11: 22151895 | E11: 22742761 | F11: 23242825 | G11: 22572630 | H11: 22949802 | I11: =(D11+E11+F11+G11)/4 -> 22677528 | J11: =((H11-I11)/I11)*100 -> 1.2006336
B12: 6. Idul Fitri II | C12: Monday, May 25 | D12: 22742761 | E12: 23242825 | F12: 22572630 | G12: 22949802 | H12: 23457313 | I12: =(D12+E12+F12+G12)/4 -> 22877005 | J12: =((H12-I12)/I12)*100 -> 2.5366439
A13: Christian Holidays | B13: 1. Good Friday | C13: Friday, Apr 10 | D13: 22224364 | E13: 24161370 | F13: 23302242 | G13: 23273985 | H13: 23007013 | I13: =(D13+E13+F13+G13)/4 -> 23240490 | J13: =((H13-I13)/I13)*100 -> -1.0046133
B14: 2. Ascension Day | C14: Thursday, May 21 | D14: 23000644 | E14: 27058926 | F14: 23398859 | G14: 22151895 | H14: 22742761 | I14: =(D14+E14+F14+G14)/4 -> 23902581 | J14: =((H14-I14)/I14)*100 -> -4.8522791
B15: 3. Christmas | C15: Friday, Dec 25 | D15: 25465122 | E15: 26931676 | F15: 24803189 | G15: 25181154 | H15: 25456620 | I15: =(D15+E15+F15+G15)/4 -> 25595285 | J15: =((H15-I15)/I15)*100 -> -0.54176009
A16: Hindu, Buddhist, | B16: 1. Silent Day (Nyepi) | C16: Wednesday, Mar 25 | D16: 26006907 | E16: 25901645 | F16: 25002606 | G16: 24801785 | H16: 24601645 | I16: =(D16+E16+F16+G16)/4 -> 25428236 | J16: =((H16-I16)/I16)*100 -> -3.2506805
A17: and Chinese Holidays | B17: 2. Chinese New Year (Imlek) | C17: Saturday, Jan 25 | D17: 28134040 | E17: 29372832 | F17: 29493308 | G17: 27138620 | H17: 23110877 | I17: =(D17+E17+F17+G17)/4 -> 28534700 | J17: =((H17-I17)/I17)*100 -> -19.007814
B18: 3. Waisak | C18: Thursday, May 07 | D18: 23398859 | E18: 21973606 | F18: 22838017 | G18: 22732675 | H18: 22035484 | I18: =(D18+E18+F18+G18)/4 -> 22735789 | J18: =((H18-I18)/I18)*100 -> -3.0801889

Sheet 2021a
A1: RSUD ULIN Electrical Load Consumption During Special Holidays (Year 2021)
A3: Category | B3: Special Holiday | C3: Day / Date | D3: Day | I3: WDMAX | J3: LDMAX | K3: TLDMAX | L3: VLDMAX
D4: H-4 (Wh) | E4: H-3 (Wh) | F4: H-2 (Wh) | G4: H-1 (Wh) | H4: H (Wh)
A5: General Holidays | B5: 1. New Year | C5: Friday, Jan 01 | D5: 26362121 | E5: 24633072 | F5: 25633792 | G5: 23463371 | H5: 23718258 | I5: =(D5+E5+F5+G5)/4 -> 25023089 | J5: =((H5-I5)/I5)*100 -> -5.2145079 | K5: ='2020a'!J5 -> -4.8406691 | L5: =J5-K5 -> -0.37383879
B6: 2. Independence Day | C6: Tuesday, Aug 17 | D6: 24464888 | E6: 25477371 | F6: 23241235 | G6: 25411914 | H6: 23452361 | I6: =(D6+E6+F6+G6)/4 -> 24648852 | J6: =((H6-I6)/I6)*100 -> -4.8541444 | K6: ='2020a'!J6 -> -0.98948546 | L6: =J6-K6 -> -3.8646589
A7: Islamic Holidays | B7: 1. Idul Adha | C7: Tuesday, Jul 20 | D7: 23442566 | E7: 23481886 | F7: 21702795 | G7: 25998747 | H7: 22686862 | I7: =(D7+E7+F7+G7)/4 -> 23656498 | J7: =((H7-I7)/I7)*100 -> -4.0988182 | K7: ='2020a'!J7 -> -1.6997987 | L7: =J7-K7 -> -2.3990196
B8: 2. Islamic New Year | C8: Tuesday, Aug 10 | D8: 25064032 | E8: 25622147 | F8: 23650703 | G8: 23507110 | H8: 24934535 | I8: =(D8+E8+F8+G8)/4 -> 24460998 | J8: =((H8-I8)/I8)*100 -> 1.935886 | K8: ='2020a'!J8 -> 2.3842395 | L8: =J8-K8 -> -0.44835353
B9: 3. Maulid | C9: Tuesday, Oct 19 | D9: 28519671 | E9: 29260420 | F9: 30285710 | G9: 27039562 | H9: 27274020 | I9: =(D9+E9+F9+G9)/4 -> 28776341 | J9: =((H9-I9)/I9)*100 -> -5.2206802 | K9: ='2020a'!J9 -> 2.9757394 | L9: =J9-K9 -> -8.1964196
B10: 4. Isra Mi'raj | C10: Thursday, Mar 11 | D10: 23979209 | E10: 24342530 | F10: 26026584 | G10: 26684617 | H10: 24409354 | I10: =(D10+E10+F10+G10)/4 -> 25258235 | J10: =((H10-I10)/I10)*100 -> -3.3608099 | K10: ='2020a'!J10 -> 2.1586407 | L10: =J10-K10 -> -5.5194506
B11: 5. Idul Fitri I | C11: Thursday, May 13 | D11: 24755826 | E11: 24872874 | F11: 25198627 | G11: 24279438 | H11: 23852583 | I11: =(D11+E11+F11+G11)/4 -> 24776692 | J11: =((H11-I11)/I11)*100 -> -3.7297504 | K11: ='2020a'!J11 -> 1.2006336 | L11: =J11-K11 -> -4.9303841
B12: 6. Idul Fitri II | C12: Friday, May 14 | D12: 24872874 | E12: 25198627 | F12: 24279438 | G12: 23852583 | H12: 23441136 | I12: =(D12+E12+F12+G12)/4 -> 24550881 | J12: =((H12-I12)/I12)*100 -> -4.520183 | K12: ='2020a'!J12 -> 2.5366439 | L12: =J12-K12 -> -7.056827
A13: Christian Holidays | B13: 1. Good Friday | C13: Friday, Apr 02 | D13: 25719603 | E13: 25409161 | F13: 25820457 | G13: 25128781 | H13: 22751771 | I13: =(D13+E13+F13+G13)/4 -> 25519500 | J13: =((H13-I13)/I13)*100 -> -10.845545 | K13: ='2020a'!J13 -> -1.0046133 | L13: =J13-K13 -> -9.8409322
B14: 2. Ascension Day | C14: Thursday, May 13 | D14: 24755826 | E14: 24872874 | F14: 25198627 | G14: 24279438 | H14: 23852583 | I14: =(D14+E14+F14+G14)/4 -> 24776692 | J14: =((H14-I14)/I14)*100 -> -3.7297504 | K14: ='2020a'!J14 -> -4.8522791 | L14: =J14-K14 -> 1.1225287
B15: 3. Christmas | C15: Monday, Dec 25 | D15: 26516165 | E15: 27408592 | F15: 25976683 | G15: 26636426 | H15: 22815692 | I15: =(D15+E15+F15+G15)/4 -> 26634467 | J15: =((H15-I15)/I15)*100 -> -14.337718 | K15: ='2020a'!J15 -> -0.54176009 | L15: =J15-K15 -> -13.795958
A16: Hindu, Buddhist, | B16: 1. Silent Day (Nyepi) | C16: Sunday, Mar 14 | D16: 24409354 | E16: 25152062 | F16: 25952051 | G16: 27224238 | H16: 23287769 | I16: =(D16+E16+F16+G16)/4 -> 25684426 | J16: =((H16-I16)/I16)*100 -> -9.3311673 | K16: ='2020a'!J16 -> -3.2506805 | L16: =J16-K16 -> -6.0804868
A17: and Chinese Holidays | B17: 2. Chinese New Year (Imlek) | C17: Friday, Feb 12 | D17: 24822865 | E17: 24612050 | F17: 25128609 | G17: 25605729 | H17: 22254696 | I17: =(D17+E17+F17+G17)/4 -> 25042313 | J17: =((H17-I17)/I17)*100 -> -11.131629 | K17: ='2020a'!J17 -> -19.007814 | L17: =J17-K17 -> 7.8761851
B18: 3. Waisak | C18: Wednesday, May 26 | D18: 19097263 | E18: 22373731 | F18: 25978307 | G18: 25999101 | H18: 23862346 | I18: =(D18+E18+F18+G18)/4 -> 23362101 | J18: =((H18-I18)/I18)*100 -> 2.141267 | K18: ='2020a'!J18 -> -3.0801889 | L18: =J18-K18 -> 5.2214559

Sheet 2022a
A1: RSUD ULIN Electrical Load Consumption During Special Holidays (Year 2022)
A3: Category | B3: Special Holiday | C3: Day / Date | D3: Day | I3: WDMAX | J3: LDMAX | K3: TLDMAX | L3: VLDMAX
D4: H-4 (Wh) | E4: H-3 (Wh) | F4: H-2 (Wh) | G4: H-1 (Wh) | H4: H (Wh)
A5: General Holidays | B5: 1. New Year | C5: Saturday, Jan 01 | D5: 28045067 | E5: 27126320 | F5: 27503446 | G5: 26231291 | H5: 25726989 | I5: =(D5+E5+F5+G5)/4 -> 27226531 | J5: =((H5-I5)/I5)*100 -> -5.5076516 | K5: =('2020a'!J5+'2021a'!J5)/2 -> -5.0275885 | L5: =J5-K5 -> -0.48006314
B6: 2. Independence Day | C6: Wednesday, Aug 17 | D6: 26099256 | E6: 23081675 | F6: 27802201 | G6: 26751323 | H6: 23595416 | I6: =(D6+E6+F6+G6)/4 -> 25933614 | J6: =((H6-I6)/I6)*100 -> -9.0160879 | K6: =('2020a'!J6+'2021a'!J6)/2 -> -2.9218149 | L6: =J6-K6 -> -6.094273
A7: Islamic Holidays | B7: 1. Idul Adha | C7: Friday, Jul 09 | D7: 27305491 | E7: 26657436 | F7: 26772536 | G7: 25895474 | H7: 23221913 | I7: =(D7+E7+F7+G7)/4 -> 26657734 | J7: =((H7-I7)/I7)*100 -> -12.888645 | K7: =('2020a'!J7+'2021a'!J7)/2 -> -2.8993084 | L7: =J7-K7 -> -9.9893364
B8: 2. Islamic New Year | C8: Saturday, Jul 30 | D8: 27279482 | E8: 27192133 | F8: 25449599 | G8: 25989618 | H8: 23994466 | I8: =(D8+E8+F8+G8)/4 -> 26477708 | J8: =((H8-I8)/I8)*100 -> -9.3786157 | K8: =('2020a'!J8+'2021a'!J8)/2 -> 2.1600628 | L8: =J8-K8 -> -11.538678
B9: 3. Maulid | C9: Saturday, Oct 08 | D9: 27869896 | E9: 28150674 | F9: 27342435 | G9: 26449761 | H9: 24348237 | I9: =(D9+E9+F9+G9)/4 -> 27453191 | J9: =((H9-I9)/I9)*100 -> -11.309993 | K9: =('2020a'!J9+'2021a'!J9)/2 -> -1.1224704 | L9: =J9-K9 -> -10.187522
B10: 4. Isra Mi'raj | C10: Monday, Feb 28 | D10: 27198992 | E10: 25907785 | F10: 23350518 | G10: 22160100 | H10: 23370764 | I10: =(D10+E10+F10+G10)/4 -> 24654349 | J10: =((H10-I10)/I10)*100 -> -5.2063215 | K10: =('2020a'!J10+'2021a'!J10)/2 -> -0.60108463 | L10: =J10-K10 -> -4.6052368
B11: 5. Idul Fitri I | C11: Monday, May 02 | D11: 25328500 | E11: 27064561 | F11: 23719376 | G11: 22816454 | H11: 21973445 | I11: =(D11+E11+F11+G11)/4 -> 24732223 | J11: =((H11-I11)/I11)*100 -> -11.15459 | K11: =('2020a'!J11+'2021a'!J11)/2 -> -1.2645584 | L11: =J11-K11 -> -9.8900317
B12: 6. Idul Fitri II | C12: Tuesday, May 03 | D12: 27064561 | E12: 23719376 | F12: 22816454 | G12: 21973445 | H12: 22778254 | I12: =(D12+E12+F12+G12)/4 -> 23893459 | J12: =((H12-I12)/I12)*100 -> -4.667409 | K12: =('2020a'!J12+'2021a'!J12)/2 -> -0.99176956 | L12: =J12-K12 -> -3.6756394
A13: Christian Holidays | B13: 1. Good Friday | C13: Friday, Apr 15 | D13: 27745162 | E13: 27788987 | F13: 28655136 | G13: 28339705 | H13: 24624619 | I13: =(D13+E13+F13+G13)/4 -> 28132247 | J13: =((H13-I13)/I13)*100 -> -12.468353 | K13: =('2020a'!J13+'2021a'!J13)/2 -> -5.9250794 | L13: =J13-K13 -> -6.5432734
B14: 2. Ascension Day | C14: Thursday, May 26 | D14: 23930341 | E14: 28243786 | F14: 28868950 | G14: 29910077 | H14: 24654370 | I14: =(D14+E14+F14+G14)/4 -> 27738289 | J14: =((H14-I14)/I14)*100 -> -11.117912 | K14: =('2020a'!J14+'2021a'!J14)/2 -> -4.2910148 | L14: =J14-K14 -> -6.8268972
B15: 3. Christmas | C15: Sunday, Dec 25 | D15: 31059369 | E15: 30082948 | F15: 26653780 | G15: 25353530 | H15: 25043530 | I15: =(D15+E15+F15+G15)/4 -> 28287407 | J15: =((H15-I15)/I15)*100 -> -11.467566 | K15: =('2020a'!J15+'2021a'!J15)/2 -> -7.4397389 | L15: =J15-K15 -> -4.0278267
A16: Hindu, Buddhist, | B16: 1. Silent Day (Nyepi) | C16: Thursday, Mar 03 | D16: 22160100 | E16: 23370764 | F16: 27994017 | G16: 28188987 | H16: 27298992 | I16: =(D16+E16+F16+G16)/4 -> 25428467 | J16: =((H16-I16)/I16)*100 -> 7.3560291 | K16: =('2020a'!J16+'2021a'!J16)/2 -> -6.2909239 | L16: =J16-K16 -> 13.646953
A17: and Chinese Holidays | B17: 2. Chinese New Year (Imlek) | C17: Tuesday, Feb 01 | D17: 27935763 | E17: 26960717 | F17: 24599417 | G17: 29899691 | H17: 25825941 | I17: =(D17+E17+F17+G17)/4 -> 27348897 | J17: =((H17-I17)/I17)*100 -> -5.5686205 | K17: =('2020a'!J17+'2021a'!J17)/2 -> -15.069722 | L17: =J17-K17 -> 9.5011013
B18: 3. Waisak | C18: Monday, May 16 | D18: 27872745 | E18: 26727184 | F18: 26021100 | G18: 21420104 | H18: 23610308 | I18: =(D18+E18+F18+G18)/4 -> 25510283 | J18: =((H18-I18)/I18)*100 -> -7.4478801 | K18: =('2020a'!J18+'2021a'!J18)/2 -> -0.46946095 | L18: =J18-K18 -> -6.9784191

Sheet 2023a
A1: RSUD ULIN Electrical Load Consumption During Special Holidays (Year 2023)
A3: Forecasting using Fuzzy Type 1 Inference system
A4: Category | B4: Special Holiday | C4: Day / Date | D4: Day | I4: WDMAX | J4: LDMAX | K4: TLDMAX | L4: VLDMAX | M4: Output | N4: Forecast | O4: Peramalan | P4: Aktual | Q4: Error | V4: Error
D5: H-4 (Wh) | E5: H-3 (Wh) | F5: H-2 (Wh) | G5: H-1 (Wh) | H5: H (Wh) | M5: Forecast | N5: LDMAX | O5: P'MAX(Watthours) | P5: (Watthours) | Q5: (%)
A6: General Holidays | B6: 1. New Year | C6: Sunday, Jan 01 | D6: 24649306 | E6: 26388464 | F6: 25474318 | G6: 25889711 | H6: 21383235 | I6: =(D6+E6+F6+G6)/4 -> 25600450 | J6: =((H6-I6)/I6)*100 -> -16.473204 | K6: =('2020a'!J5+'2021a'!J5+'2022a'!J5)/3 -> -5.1876095 | L6: =J6-K6 -> -11.285594 | M6: -12 | N6: =M6+K6 -> -17.18761 | O6: =I6+((N6*I6)/100) -> 21200344 | P6: =H6 -> 21383235 | Q6: =-((O6-H6)/H6)*100 -> 0.85530116 | V6: =(O6-P6) -> -182891.06
B7: 2. Independence Day | C7: Thursday, Aug 17 | D7: 20767780 | E7: 29123880 | F7: 29726541 | G7: 29297504 | H7: 23369011 | I7: =(D7+E7+F7+G7)/4 -> 27228926 | J7: =((H7-I7)/I7)*100 -> -14.175787 | K7: =('2020a'!J6+'2021a'!J6+'2022a'!J6)/3 -> -4.9532393 | L7: =J7-K7 -> -9.2225478 | M7: -4.7677 | N7: =M7+K7 -> -9.7209393 | O7: =I7+((N7*I7)/100) -> 24582019 | P7: =H7 -> 23369011 | Q7: =((O7-H7)/H7)*100 -> 5.1906655 | V7: =(O7-P7) -> 1213007.2
A8: Islamic Holidays | B8: 1. Idul Adha | C8: Thursday, Jun 29 | D8: 22208043 | E8: 28933957 | F8: 29751614 | G8: 22312681 | H8: 20658325 | I8: =(D8+E8+F8+G8)/4 -> 25801574 | J8: =((H8-I8)/I8)*100 -> -19.933858 | K8: =('2020a'!J7+'2021a'!J7+'2022a'!J7)/3 -> -6.2290872 | L8: =J8-K8 -> -13.704771 | M8: 0 | N8: =M8+K8 -> -6.2290872 | O8: =I8+((N8*I8)/100) -> 24194371 | P8: =H8 -> 20658325 | Q8: =((O8-H8)/H8)*100 -> 17.116812 | V8: =(O8-P8) -> 3536046.7
B9: 2. Islamic New Year | C9: Wednesday, Jul 19 | D9: 27025283 | E9: 21083588 | F9: 28915431 | G9: 29089796 | H9: 23414288 | I9: =(D9+E9+F9+G9)/4 -> 26528525 | J9: =((H9-I9)/I9)*100 -> -11.739199 | K9: =('2020a'!J8+'2021a'!J8+'2022a'!J8)/3 -> -1.6861634 | L9: =J9-K9 -> -10.053036 | M9: -9 | N9: =M9+K9 -> -10.686163 | O9: =I9+((N9*I9)/100) -> 23693643 | P9: =H9 -> 23414288 | Q9: =((O9-H9)/H9)*100 -> 1.1930957 | V9: =(O9-P9) -> 279354.86
B10: 3. Maulid | C10: Thursday, Sep 28 | D10: 23272362 | E10: 30686318 | F10: 29710821 | G10: 29906454 | H10: 23798221 | I10: =(D10+E10+F10+G10)/4 -> 28393989 | J10: =((H10-I10)/I10)*100 -> -16.185708 | K10: =('2020a'!J9+'2021a'!J9+'2022a'!J9)/3 -> -4.5183112 | L10: =J10-K10 -> -11.667397 | M10: -9 | N10: =M10+K10 -> -13.518311 | O10: =I10+((N10*I10)/100) -> 24555601 | P10: =H10 -> 23798221 | Q10: =((O10-H10)/H10)*100 -> 3.1825084 | V10: =(O10-P10) -> 757380.38
B11: 4. Isra Mi'raj | C11: Saturday, Feb 18 | D11: 27210185 | E11: 27031165 | F11: 27719443 | G11: 27294019 | H11: 25703680 | I11: =(D11+E11+F11+G11)/4 -> 27313703 | J11: =((H11-I11)/I11)*100 -> -5.894563 | K11: =('2020a'!J10+'2021a'!J10+'2022a'!J10)/3 -> -2.1361636 | L11: =J11-K11 -> -3.7583995 | M11: -4.5 | N11: =M11+K11 -> -6.6361636 | O11: =I11+((N11*I11)/100) -> 25501121 | P11: =H11 -> 25703680 | Q11: =((O11-H11)/H11)*100*-1 -> 0.78805281 | V11: =(O11-P11) -> -202558.57
B12: 5. Idul Fitri I | C12: Saturday, Apr 22 | D12: 28152491 | E12: 24068160 | F12: 21402954 | G12: 19347441 | H12: 18556040 | I12: =(D12+E12+F12+G12)/4 -> 23242761 | J12: =((H12-I12)/I12)*100 -> -20.164222 | K12: =('2020a'!J11+'2021a'!J11+'2022a'!J11)/3 -> -4.5612356 | L12: =J12-K12 -> -15.602986 | M12: -6 | N12: =M12+K12 -> -10.561236 | O12: =I12+((N12*I12)/100) -> 20788039 | P12: =H12 -> 18556040 | Q12: =((O12-H12)/H12)*100 -> 12.028424 | V12: =(O12-P12) -> 2231999.1
B13: 6. Idul Fitri II | C13: Sunday, Apr 23 | D13: 24068160 | E13: 21402954 | F13: 19347441 | G13: 18556040 | H13: 20061148 | I13: =(D13+E13+F13+G13)/4 -> 20843649 | J13: =((H13-I13)/I13)*100 -> -3.7541463 | K13: =('2020a'!J12+'2021a'!J12+'2022a'!J12)/3 -> -2.2169827 | L13: =J13-K13 -> -1.5371636 | M13: 0 | N13: =M13+K13 -> -2.2169827 | O13: =I13+((N13*I13)/100) -> 20381549 | P13: =H13 -> 20061148 | Q13: =((O13-H13)/H13)*100 -> 1.5971219 | V13: =(O13-P13) -> 320400.99
A14: Christian Holidays | B14: 1. Good Friday | C14: Friday, Apr 07 | D14: 26929203 | E14: 26205002 | F14: 27649232 | G14: 28487018 | H14: 22518593 | I14: =(D14+E14+F14+G14)/4 -> 27317614 | J14: =((H14-I14)/I14)*100 -> -17.567498 | K14: =('2020a'!J13+'2021a'!J13+'2022a'!J13)/3 -> -8.1061705 | L14: =J14-K14 -> -9.4613273 | M14: -4.5 | N14: =M14+K14 -> -12.606171 | O14: =I14+((N14*I14)/100) -> 23873909 | P14: =H14 -> 22518593 | Q14: =((O14-H14)/H14)*100 -> 6.0186542 | V14: =(O14-P14) -> 1355316.2
B15: 2. Ascension Day | C15: Thursday, May 18 | D15: 23185443 | E15: 30488212 | F15: 31284871 | G15: 30880026 | H15: 25094944 | I15: =(D15+E15+F15+G15)/4 -> 28959638 | J15: =((H15-I15)/I15)*100 -> -13.345104 | K15: =('2020a'!J14+'2021a'!J14+'2022a'!J14)/3 -> -6.5666472 | L15: =J15-K15 -> -6.7784571 | M15: -5.00054 | N15: =M15+K15 -> -11.567187 | O15: =I15+((N15*I15)/100) -> 25609822 | P15: =H15 -> 25094944 | Q15: =((O15-H15)/H15)*100 -> 2.0517215 | V15: =(O15-P15) -> 514878.36
B16: 3. Christmas | C16: Monday, Dec 25 | D16: 33735338 | E16: 32642075 | F16: 31107022 | G16: 22935018 | H16: 23465167 | I16: =(D16+E16+F16+G16)/4 -> 30104863 | J16: =((H16-I16)/I16)*100 -> -22.055229 | K16: =('2020a'!J15+'2021a'!J15+'2022a'!J15)/3 -> -8.7823478 | L16: =J16-K16 -> -13.272881 | M16: -4.5 | N16: =M16+K16 -> -13.282348 | O16: =I16+((N16*I16)/100) -> 26106231 | P16: =H16 -> 23465167 | Q16: =((O16-H16)/H16)*100 -> 11.255253 | V16: =(O16-P16) -> 2641063.9
A17: Hindu, Buddhist, | B17: 1. Silent Day (Nyepi) | C17: Wednesday, Mar 22 | D17: 26571839 | E17: 21378547 | F17: 28930032 | G17: 29008866 | H17: 23458006 | I17: =(D17+E17+F17+G17)/4 -> 26472321 | J17: =((H17-I17)/I17)*100 -> -11.386668 | K17: =('2020a'!J16+'2021a'!J16+'2022a'!J16)/3 -> -1.7419396 | L17: =J17-K17 -> -9.6447284 | M17: 0 | N17: =M17+K17 -> -1.7419396 | O17: =I17+((N17*I17)/100) -> 26011189 | P17: =H17 -> 23458006 | Q17: =((O17-H17)/H17)*100 -> 10.88406 | V17: =(O17-P17) -> 2553183.5
A18: and Chinese Holidays | B18: 2. Chinese New Year (Imlek) | C18: Sunday, Jan 22 | D18: 27701896 | E18: 27860853 | F18: 25524164 | G18: 26210529 | H18: 20598511 | I18: =(D18+E18+F18+G18)/4 -> 26824361 | J18: =((H18-I18)/I18)*100 -> -23.209684 | K18: =('2020a'!J17+'2021a'!J17+'2022a'!J17)/3 -> -11.902688 | L18: =J18-K18 -> -11.306996 | M18: 0 | N18: =M18+K18 -> -11.902688 | O18: =I18+((N18*I18)/100) -> 23631541 | P18: =H18 -> 20598511 | Q18: =((O18-H18)/H18)*100 -> 14.724508 | V18: =(O18-P18) -> 3033029.4
B19: 3.Waisak | C19: Sunday, Jun 04 | D19: 32850749 | E19: 26168015 | F19: 25505982 | G19: 30188565 | H19: 23319886 | I19: =(D19+E19+F19+G19)/4 -> 28678328 | J19: =((H19-I19)/I19)*100 -> -18.68464 | K19: =('2020a'!J18+'2021a'!J18+'2022a'!J18)/3 -> -2.7956007 | L19: =J19-K19 -> -15.889039 | M19: -6.41 | N19: =M19+K19 -> -9.2056007 | O19: =I19+((N19*I19)/100) -> 26038316 | P19: =H19 -> 23319886 | Q19: =((O19-H19)/H19)*100 -> 11.657133 | V19: =(O19-P19) -> 2718430
P20: MAPE | Q20: =SUM(Q6:Q19)/14 -> 7.038808 | R20: RMSE | S20: =SQRT(SUMXMY2(O6:O19, P6:P19) / COUNT(P6:P19)) -> 1926705.3 | T20: R2 | U20: =RSQ(O6:O19,P6:P19) -> 0.629261 | V20: MAE | W20: {=AVERAGE(ABS(V6:V19))} -> 1538538.6 | X20: {=SUMPRODUCT(ABS(O6:O19 - P6:P19)) / COUNT(O6:O19)} -> 1538538.6
A22: Forecasting using Interval Type 2 Fuzzy Inference system
A23: Category | B23: Special Holiday | C23: Day / Date | D23: Day | I23: WDMAX | J23: LDMAX | K23: TLDMAX | L23: VLDMAX | M23: Output | N23: Forecast | O23: Peramalan | P23: Aktual | Q23: Error
D24: H-4 (Wh) | E24: H-3 (Wh) | F24: H-2 (Wh) | G24: H-1 (Wh) | H24: H (Wh) | M24: Forecast | N24: LDMAX | O24: P'MAX(Watthours) | P24: (Watthours) | Q24: (%)
A25: General Holidays | B25: 1. New Year | C25: Sunday, Jan 01 | D25: 24649306 | E25: 26388464 | F25: 25474318 | G25: 25889711 | H25: 21383235 | I25: 25600450 | J25: -16.473204 | K25: -5.1876095 | L25: -11.285594 | M25: -12 | N25: =M25+K25 -> -17.18761 | O25: =I25+((N25*I25)/100) -> 21200344 | P25: =H25 -> 21383235 | Q25: =-((O25-H25)/H25)*100 -> 0.85530116 | V25: =(O25-P25) -> -182891.06
B26: 2. Independence Day | C26: Thursday, Aug 17 | D26: 20767780 | E26: 29123880 | F26: 29726541 | G26: 29297504 | H26: 23369011 | I26: 27228926 | J26: -14.175787 | K26: -4.9532393 | L26: -9.2225478 | M26: -6 | N26: =M26+K26 -> -10.953239 | O26: =I26+((N26*I26)/100) -> 24246477 | P26: =H26 -> 23369011 | Q26: =((O26-H26)/H26)*100 -> 3.7548236 | V26: =(O26-P26) -> 877465.17
A27: Islamic Holidays | B27: 1. Idul Adha | C27: Thursday, Jun 29 | D27: 22208043 | E27: 28933957 | F27: 29751614 | G27: 22312681 | H27: 20658325 | I27: 25801574 | J27: -19.933858 | K27: -6.2290872 | L27: -13.704771 | M27: 0 | N27: =M27+K27 -> -6.2290872 | O27: =I27+((N27*I27)/100) -> 24194371 | P27: =H27 -> 20658325 | Q27: =((O27-H27)/H27)*100 -> 17.116812 | V27: =(O27-P27) -> 3536046.7
B28: 2. Islamic New Year | C28: Wednesday, Jul 19 | D28: 27025283 | E28: 21083588 | F28: 28915431 | G28: 29089796 | H28: 23414288 | I28: 26528525 | J28: -11.739199 | K28: -1.6861634 | L28: -10.053036 | M28: -9 | N28: =M28+K28 -> -10.686163 | O28: =I28+((N28*I28)/100) -> 23693643 | P28: =H28 -> 23414288 | Q28: =((O28-H28)/H28)*100 -> 1.1930957 | V28: =(O28-P28) -> 279354.86
B29: 3. Maulid | C29: Thursday, Sep 28 | D29: 23272362 | E29: 30686318 | F29: 29710821 | G29: 29906454 | H29: 23798221 | I29: 28393989 | J29: -16.185708 | K29: -4.5183112 | L29: -11.667397 | M29: -9 | N29: =M29+K29 -> -13.518311 | O29: =I29+((N29*I29)/100) -> 24555601 | P29: =H29 -> 23798221 | Q29: =((O29-H29)/H29)*100 -> 3.1825084 | V29: =(O29-P29) -> 757380.38
B30: 4. Isra Mi'raj | C30: Saturday, Feb 18 | D30: 27210185 | E30: 27031165 | F30: 27719443 | G30: 27294019 | H30: 25703680 | I30: 27313703 | J30: -5.894563 | K30: -2.1361636 | L30: -3.7583995 | M30: -4.5 | N30: =M30+K30 -> -6.6361636 | O30: =I30+((N30*I30)/100) -> 25501121 | P30: =H30 -> 25703680 | Q30: =-((O30-H30)/H30)*100 -> 0.78805281 | V30: =(O30-P30) -> -202558.57
B31: 5. Idul Fitri I | C31: Saturday, Apr 22 | D31: 28152491 | E31: 24068160 | F31: 21402954 | G31: 19347441 | H31: 18556040 | I31: 23242761 | J31: -20.164222 | K31: -4.5612356 | L31: -15.602986 | M31: -6 | N31: =M31+K31 -> -10.561236 | O31: =I31+((N31*I31)/100) -> 20788039 | P31: =H31 -> 18556040 | Q31: =((O31-H31)/H31)*100 -> 12.028424 | V31: =(O31-P31) -> 2231999.1
B32: 6. Idul Fitri II | C32: Sunday, Apr 23 | D32: 24068160 | E32: 21402954 | F32: 19347441 | G32: 18556040 | H32: 20061148 | I32: 20843649 | J32: -3.7541463 | K32: -2.2169827 | L32: -1.5371636 | M32: 0 | N32: =M32+K32 -> -2.2169827 | O32: =I32+((N32*I32)/100) -> 20381549 | P32: =H32 -> 20061148 | Q32: =((O32-H32)/H32)*100 -> 1.5971219 | V32: =(O32-P32) -> 320400.99
A33: Christian Holidays | B33: 1. Good Friday | C33: Friday, Apr 07 | D33: 26929203 | E33: 26205002 | F33: 27649232 | G33: 28487018 | H33: 22518593 | I33: 27317614 | J33: -17.567498 | K33: -8.1061705 | L33: -9.4613273 | M33: -4.5 | N33: =M33+K33 -> -12.606171 | O33: =I33+((N33*I33)/100) -> 23873909 | P33: =H33 -> 22518593 | Q33: =((O33-H33)/H33)*100 -> 6.0186542 | V33: =(O33-P33) -> 1355316.2
B34: 2. Ascension Day | C34: Thursday, May 18 | D34: 23185443 | E34: 30488212 | F34: 31284871 | G34: 30880026 | H34: 25094944 | I34: 28959638 | J34: -13.345104 | K34: -6.5666472 | L34: -6.7784571 | M34: -4.8236 | N34: =M34+K34 -> -11.390247 | O34: =I34+((N34*I34)/100) -> 25661064 | P34: =H34 -> 25094944 | Q34: =((O34-H34)/H34)*100 -> 2.2559108 | V34: =(O34-P34) -> 566119.54
B35: 3. Christmas | C35: Monday, Dec 25 | D35: 33735338 | E35: 32642075 | F35: 31107022 | G35: 22935018 | H35: 23465167 | I35: 30104863 | J35: -22.055229 | K35: -8.7823478 | L35: -13.272881 | M35: -4.5 | N35: =M35+K35 -> -13.282348 | O35: =I35+((N35*I35)/100) -> 26106231 | P35: =H35 -> 23465167 | Q35: =((O35-H35)/H35)*100 -> 11.255253 | V35: =(O35-P35) -> 2641063.9
A36: Hindu, Buddhist, | B36: 1. Silent Day (Nyepi) | C36: Wednesday, Mar 22 | D36: 26571839 | E36: 21378547 | F36: 28930032 | G36: 29008866 | H36: 23458006 | I36: 26472321 | J36: -11.386668 | K36: -1.7419396 | L36: -9.6447284 | M36: 0 | N36: =M36+K36 -> -1.7419396 | O36: =I36+((N36*I36)/100) -> 26011189 | P36: =H36 -> 23458006 | Q36: =((O36-H36)/H36)*100 -> 10.88406 | V36: =(O36-P36) -> 2553183.5
A37: and Chinese Holidays | B37: 2. Chinese New Year (Imlek) | C37: Sunday, Jan 22 | D37: 27701896 | E37: 27860853 | F37: 25524164 | G37: 26210529 | H37: 20598511 | I37: 26824361 | J37: -23.209684 | K37: -11.902688 | L37: -11.306996 | M37: 0 | N37: =M37+K37 -> -11.902688 | O37: =I37+((N37*I37)/100) -> 23631541 | P37: =H37 -> 20598511 | Q37: =((O37-H37)/H37)*100 -> 14.724508 | V37: =(O37-P37) -> 3033029.4
B38: 3.Waisak | C38: Sunday, Jun 04 | D38: 32850749 | E38: 26168015 | F38: 25505982 | G38: 30188565 | H38: 23319886 | I38: 28678328 | J38: -18.68464 | K38: -2.7956007 | L38: -15.889039 | M38: -6 | N38: =M38+K38 -> -8.7956007 | O38: =I38+((N38*I38)/100) -> 26155897 | P38: =H38 -> 23319886 | Q38: =((O38-H38)/H38)*100 -> 12.161343 | V38: =(O38-P38) -> 2836011.2
P39: MAPE | Q39: =SUM(Q25:Q38)/14 -> 6.9868478 | R39: RMSE | S39: =SQRT(SUMXMY2(O25:O38, P25:P38) / COUNT(P25:P38)) -> 1926836 | T39: R2 | U39: =RSQ(O25:O38,P25:P38) -> 0.62265263 | V39: MAE | W39: {=AVERAGE(ABS(V25:V38))} -> 1526630 | X39: {=SUMPRODUCT(ABS(O25:O38 - P25:P38)) / COUNT(O25:O38)} -> 1526630
A41: Forecasting using IT2FIS-CSA
A42: Category | B42: Special Holiday | C42: Day / Date | D42: Day | I42: WDMAX | J42: LDMAX | K42: TLDMAX | L42: VLDMAX | M42: Output | N42: Forecast | O42: Peramalan | P42: Aktual | Q42: Error
D43: H-4 (Wh) | E43: H-3 (Wh) | F43: H-2 (Wh) | G43: H-1 (Wh) | H43: H (Wh) | M43: Forecast | N43: LDMAX | O43: P'MAX(Watthours) | P43: (Watthours) | Q43: (%)
A44: General Holidays | B44: 1. New Year | C44: Sunday, Jan 01 | D44: 24649306 | E44: 26388464 | F44: 25474318 | G44: 25889711 | H44: 21383235 | I44: 25600450 | J44: -16.473204 | K44: -5.1876095 | L44: -11.285594 | M44: -11.9334 | N44: =M44+K44 -> -17.12101 | O44: =I44+((N44*I44)/100) -> 21217394 | P44: =H44 -> 21383235 | Q44: =-((O44-H44)/H44)*100 -> 0.77556627 | V44: =(O44-P44) -> -165841.16
B45: 2. Independence Day | C45: Thursday, Aug 17 | D45: 20767780 | E45: 29123880 | F45: 29726541 | G45: 29297504 | H45: 23369011 | I45: 27228926 | J45: -14.175787 | K45: -4.9532393 | L45: -9.2225478 | M45: -6 | N45: =M45+K45 -> -10.953239 | O45: =I45+((N45*I45)/100) -> 24246477 | P45: =H45 -> 23369011 | Q45: =((O45-H45)/H45)*100 -> 3.7548236 | V45: =(O45-P45) -> 877465.17
A46: Islamic Holidays | B46: 1. Idul Adha | C46: Thursday, Jun 29 | D46: 22208043 | E46: 28933957 | F46: 29751614 | G46: 22312681 | H46: 20658325 | I46: 25801574 | J46: -19.933858 | K46: -6.2290872 | L46: -13.704771 | M46: 0 | N46: =M46+K46 -> -6.2290872 | O46: =I46+((N46*I46)/100) -> 24194371 | P46: =H46 -> 20658325 | Q46: =((O46-H46)/H46)*100 -> 17.116812 | V46: =(O46-P46) -> 3536046.7
B47: 2. Islamic New Year | C47: Wednesday, Jul 19 | D47: 27025283 | E47: 21083588 | F47: 28915431 | G47: 29089796 | H47: 23414288 | I47: 26528525 | J47: -11.739199 | K47: -1.6861634 | L47: -10.053036 | M47: -9 | N47: =M47+K47 -> -10.686163 | O47: =I47+((N47*I47)/100) -> 23693643 | P47: =H47 -> 23414288 | Q47: =((O47-H47)/H47)*100 -> 1.1930957 | V47: =(O47-P47) -> 279354.86
B48: 3. Maulid | C48: Thursday, Sep 28 | D48: 23272362 | E48: 30686318 | F48: 29710821 | G48: 29906454 | H48: 23798221 | I48: 28393989 | J48: -16.185708 | K48: -4.5183112 | L48: -11.667397 | M48: -9 | N48: =M48+K48 -> -13.518311 | O48: =I48+((N48*I48)/100) -> 24555601 | P48: =H48 -> 23798221 | Q48: =((O48-H48)/H48)*100 -> 3.1825084 | V48: =(O48-P48) -> 757380.38
B49: 4. Isra Mi'raj | C49: Saturday, Feb 18 | D49: 27210185 | E49: 27031165 | F49: 27719443 | G49: 27294019 | H49: 25703680 | I49: 27313703 | J49: -5.894563 | K49: -2.1361636 | L49: -3.7583995 | M49: -4.5 | N49: =M49+K49 -> -6.6361636 | O49: =I49+((N49*I49)/100) -> 25501121 | P49: =H49 -> 25703680 | Q49: =-((O49-H49)/H49)*100 -> 0.78805281 | V49: =(O49-P49) -> -202558.57
B50: 5. Idul Fitri I | C50: Saturday, Apr 22 | D50: 28152491 | E50: 24068160 | F50: 21402954 | G50: 19347441 | H50: 18556040 | I50: 23242761 | J50: -20.164222 | K50: -4.5612356 | L50: -15.602986 | M50: -6 | N50: =M50+K50 -> -10.561236 | O50: =I50+((N50*I50)/100) -> 20788039 | P50: =H50 -> 18556040 | Q50: =((O50-H50)/H50)*100 -> 12.028424 | V50: =(O50-P50) -> 2231999.1
B51: 6. Idul Fitri II | C51: Sunday, Apr 23 | D51: 24068160 | E51: 21402954 | F51: 19347441 | G51: 18556040 | H51: 20061148 | I51: 20843649 | J51: -3.7541463 | K51: -2.2169827 | L51: -1.5371636 | M51: 0 | N51: =M51+K51 -> -2.2169827 | O51: =I51+((N51*I51)/100) -> 20381549 | P51: =H51 -> 20061148 | Q51: =((O51-H51)/H51)*100 -> 1.5971219 | V51: =(O51-P51) -> 320400.99
A52: Christian Holidays | B52: 1. Good Friday | C52: Friday, Apr 07 | D52: 26929203 | E52: 26205002 | F52: 27649232 | G52: 28487018 | H52: 22518593 | I52: 27317614 | J52: -17.567498 | K52: -8.1061705 | L52: -9.4613273 | M52: -4.5 | N52: =M52+K52 -> -12.606171 | O52: =I52+((N52*I52)/100) -> 23873909 | P52: =H52 -> 22518593 | Q52: =((O52-H52)/H52)*100 -> 6.0186542 | V52: =(O52-P52) -> 1355316.2
B53: 2. Ascension Day | C53: Thursday, May 18 | D53: 23185443 | E53: 30488212 | F53: 31284871 | G53: 30880026 | H53: 25094944 | I53: 28959638 | J53: -13.345104 | K53: -6.5666472 | L53: -6.7784571 | M53: -4.7571 | N53: =M53+K53 -> -11.323747 | O53: =I53+((N53*I53)/100) -> 25680322 | P53: =H53 -> 25094944 | Q53: =((O53-H53)/H53)*100 -> 2.3326519 | V53: =(O53-P53) -> 585377.7
B54: 3. Christmas | C54: Monday, Dec 25 | D54: 33735338 | E54: 32642075 | F54: 31107022 | G54: 22935018 | H54: 23465167 | I54: 30104863 | J54: -22.055229 | K54: -8.7823478 | L54: -13.272881 | M54: -4.5 | N54: =M54+K54 -> -13.282348 | O54: =I54+((N54*I54)/100) -> 26106231 | P54: =H54 -> 23465167 | Q54: =((O54-H54)/H54)*100 -> 11.255253 | V54: =(O54-P54) -> 2641063.9
A55: Hindu, Buddhist, | B55: 1. Silent Day (Nyepi) | C55: Wednesday, Mar 22 | D55: 26571839 | E55: 21378547 | F55: 28930032 | G55: 29008866 | H55: 23458006 | I55: 26472321 | J55: -11.386668 | K55: -1.7419396 | L55: -9.6447284 | M55: 0 | N55: =M55+K55 -> -1.7419396 | O55: =I55+((N55*I55)/100) -> 26011189 | P55: =H55 -> 23458006 | Q55: =((O55-H55)/H55)*100 -> 10.88406 | V55: =(O55-P55) -> 2553183.5
A56: and Chinese Holidays | B56: 2. Chinese New Year (Imlek) | C56: Sunday, Jan 22 | D56: 27701896 | E56: 27860853 | F56: 25524164 | G56: 26210529 | H56: 20598511 | I56: 26824361 | J56: -23.209684 | K56: -11.902688 | L56: -11.306996 | M56: 0 | N56: =M56+K56 -> -11.902688 | O56: =I56+((N56*I56)/100) -> 23631541 | P56: =H56 -> 20598511 | Q56: =((O56-H56)/H56)*100 -> 14.724508 | V56: =(O56-P56) -> 3033029.4
B57: 3.Waisak | C57: Sunday, Jun 04 | D57: 32850749 | E57: 26168015 | F57: 25505982 | G57: 30188565 | H57: 23319886 | I57: 28678328 | J57: -18.68464 | K57: -2.7956007 | L57: -15.889039 | M57: -6 | N57: =M57+K57 -> -8.7956007 | O57: =I57+((N57*I57)/100) -> 26155897 | P57: =H57 -> 23319886 | Q57: =((O57-H57)/H57)*100 -> 12.161343 | V57: =(O57-P57) -> 2836011.2
P58: MAPE | Q58: =SUM(Q44:Q57)/14 -> 6.9866339 | R58: RMSE | S58: =SQRT(SUMXMY2(O44:O57, P44:P57) / COUNT(P44:P57)) -> 1927136.8 | T58: R2 | U58: =RSQ(O44:O57,P44:P57) -> 0.62395879 | V58: MAE | W58: {=AVERAGE(ABS(V44:V57))} -> 1526787.8 | X58: {=SUMPRODUCT(ABS(O44:O57 - P44:P57)) / COUNT(O44:O57)} -> 1526787.8
A60: Forecasting using IT2FIS-Firefly Algorithm
A61: Category | B61: Special Holiday | C61: Day / Date | D61: Day | I61: WDMAX | J61: LDMAX | K61: TLDMAX | L61: VLDMAX | M61: Output | N61: Forecast | O61: Peramalan | P61: Aktual | Q61: Error
D62: H-4 (Wh) | E62: H-3 (Wh) | F62: H-2 (Wh) | G62: H-1 (Wh) | H62: H (Wh) | M62: Forecast | N62: LDMAX | O62: P'MAX(Watthours) | P62: (Watthours) | Q62: (%)
A63: General Holidays | B63: 1. New Year | C63: Sunday, Jan 01 | D63: 24649306 | E63: 26388464 | F63: 25474318 | G63: 25889711 | H63: 21383235 | I63: 25600450 | J63: -16.473204 | K63: -5.1876095 | L63: -11.285594 | M63: -12.0103 | N63: =M63+K63 -> -17.19791 | O63: =I63+((N63*I63)/100) -> 21197707 | P63: =H63 -> 21383235 | Q63: =-((O63-H63)/H63)*100 -> 0.86763253 | V63: =(O63-P63) -> -185527.91
B64: 2. Independence Day | C64: Thursday, Aug 17 | D64: 20767780 | E64: 29123880 | F64: 29726541 | G64: 29297504 | H64: 23369011 | I64: 27228926 | J64: -14.175787 | K64: -4.9532393 | L64: -9.2225478 | M64: -6 | N64: =M64+K64 -> -10.953239 | O64: =I64+((N64*I64)/100) -> 24246477 | P64: =H64 -> 23369011 | Q64: =((O64-H64)/H64)*100 -> 3.7548236 | V64: =(O64-P64) -> 877465.17
A65: Islamic Holidays | B65: 1. Idul Adha | C65: Thursday, Jun 29 | D65: 22208043 | E65: 28933957 | F65: 29751614 | G65: 22312681 | H65: 20658325 | I65: 25801574 | J65: -19.933858 | K65: -6.2290872 | L65: -13.704771 | M65: 0 | N65: =M65+K65 -> -6.2290872 | O65: =I65+((N65*I65)/100) -> 24194371 | P65: =H65 -> 20658325 | Q65: =((O65-H65)/H65)*100 -> 17.116812 | V65: =(O65-P65) -> 3536046.7
B66: 2. Islamic New Year | C66: Wednesday, Jul 19 | D66: 27025283 | E66: 21083588 | F66: 28915431 | G66: 29089796 | H66: 23414288 | I66: 26528525 | J66: -11.739199 | K66: -1.6861634 | L66: -10.053036 | M66: -9 | N66: =M66+K66 -> -10.686163 | O66: =I66+((N66*I66)/100) -> 23693643 | P66: =H66 -> 23414288 | Q66: =((O66-H66)/H66)*100 -> 1.1930957 | V66: =(O66-P66) -> 279354.86
B67: 3. Maulid | C67: Thursday, Sep 28 | D67: 23272362 | E67: 30686318 | F67: 29710821 | G67: 29906454 | H67: 23798221 | I67: 28393989 | J67: -16.185708 | K67: -4.5183112 | L67: -11.667397 | M67: -9 | N67: =M67+K67 -> -13.518311 | O67: =I67+((N67*I67)/100) -> 24555601 | P67: =H67 -> 23798221 | Q67: =((O67-H67)/H67)*100 -> 3.1825084 | V67: =(O67-P67) -> 757380.38
B68: 4. Isra Mi'raj | C68: Saturday, Feb 18 | D68: 27210185 | E68: 27031165 | F68: 27719443 | G68: 27294019 | H68: 25703680 | I68: 27313703 | J68: -5.894563 | K68: -2.1361636 | L68: -3.7583995 | M68: -4.5 | N68: =M68+K68 -> -6.6361636 | O68: =I68+((N68*I68)/100) -> 25501121 | P68: =H68 -> 25703680 | Q68: =-((O68-H68)/H68)*100 -> 0.78805281 | V68: =(O68-P68) -> -202558.57
B69: 5. Idul Fitri I | C69: Saturday, Apr 22 | D69: 28152491 | E69: 24068160 | F69: 21402954 | G69: 19347441 | H69: 18556040 | I69: 23242761 | J69: -20.164222 | K69: -4.5612356 | L69: -15.602986 | M69: -6 | N69: =M69+K69 -> -10.561236 | O69: =I69+((N69*I69)/100) -> 20788039 | P69: =H69 -> 18556040 | Q69: =((O69-H69)/H69)*100 -> 12.028424 | V69: =(O69-P69) -> 2231999.1
B70: 6. Idul Fitri II | C70: Sunday, Apr 23 | D70: 24068160 | E70: 21402954 | F70: 19347441 | G70: 18556040 | H70: 20061148 | I70: 20843649 | J70: -3.7541463 | K70: -2.2169827 | L70: -1.5371636 | M70: 0 | N70: =M70+K70 -> -2.2169827 | O70: =I70+((N70*I70)/100) -> 20381549 | P70: =H70 -> 20061148 | Q70: =((O70-H70)/H70)*100 -> 1.5971219 | V70: =(O70-P70) -> 320400.99
A71: Christian Holidays | B71: 1. Good Friday | C71: Friday, Apr 07 | D71: 26929203 | E71: 26205002 | F71: 27649232 | G71: 28487018 | H71: 22518593 | I71: 27317614 | J71: -17.567498 | K71: -8.1061705 | L71: -9.4613273 | M71: -4.5 | N71: =M71+K71 -> -12.606171 | O71: =I71+((N71*I71)/100) -> 23873909 | P71: =H71 -> 22518593 | Q71: =((O71-H71)/H71)*100 -> 6.0186542 | V71: =(O71-P71) -> 1355316.2
B72: 2. Ascension Day | C72: Thursday, May 18 | D72: 23185443 | E72: 30488212 | F72: 31284871 | G72: 30880026 | H72: 25094944 | I72: 28959638 | J72: -13.345104 | K72: -6.5666472 | L72: -6.7784571 | M72: -4.8234 | N72: =M72+K72 -> -11.390047 | O72: =I72+((N72*I72)/100) -> 25661122 | P72: =H72 -> 25094944 | Q72: =((O72-H72)/H72)*100 -> 2.2561416 | V72: =(O72-P72) -> 566177.46
B73: 3. Christmas | C73: Monday, Dec 25 | D73: 33735338 | E73: 32642075 | F73: 31107022 | G73: 22935018 | H73: 23465167 | I73: 30104863 | J73: -22.055229 | K73: -8.7823478 | L73: -13.272881 | M73: -4.5 | N73: =M73+K73 -> -13.282348 | O73: =I73+((N73*I73)/100) -> 26106231 | P73: =H73 -> 23465167 | Q73: =((O73-H73)/H73)*100 -> 11.255253 | V73: =(O73-P73) -> 2641063.9
A74: Hindu, Buddhist, | B74: 1. Silent Day (Nyepi) | C74: Wednesday, Mar 22 | D74: 26571839 | E74: 21378547 | F74: 28930032 | G74: 29008866 | H74: 23458006 | I74: 26472321 | J74: -11.386668 | K74: -1.7419396 | L74: -9.6447284 | M74: 0 | N74: =M74+K74 -> -1.7419396 | O74: =I74+((N74*I74)/100) -> 26011189 | P74: =H74 -> 23458006 | Q74: =((O74-H74)/H74)*100 -> 10.88406 | V74: =(O74-P74) -> 2553183.5
A75: and Chinese Holidays | B75: 2. Chinese New Year (Imlek) | C75: Sunday, Jan 22 | D75: 27701896 | E75: 27860853 | F75: 25524164 | G75: 26210529 | H75: 20598511 | I75: 26824361 | J75: -23.209684 | K75: -11.902688 | L75: -11.306996 | M75: 0 | N75: =M75+K75 -> -11.902688 | O75: =I75+((N75*I75)/100) -> 23631541 | P75: =H75 -> 20598511 | Q75: =((O75-H75)/H75)*100 -> 14.724508 | V75: =(O75-P75) -> 3033029.4
B76: 3.Waisak | C76: Sunday, Jun 04 | D76: 32850749 | E76: 26168015 | F76: 25505982 | G76: 30188565 | H76: 23319886 | I76: 28678328 | J76: -18.68464 | K76: -2.7956007 | L76: -15.889039 | M76: -6 | N76: =M76+K76 -> -8.7956007 | O76: =I76+((N76*I76)/100) -> 26155897 | P76: =H76 -> 23319886 | Q76: =((O76-H76)/H76)*100 -> 12.161343 | V76: =(O76-P76) -> 2836011.2
P77: MAPE | Q77: =SUM(Q63:Q76)/14 -> 6.9877451 | R77: RMSE | S77: =SQRT(SUMXMY2(O63:O76, P63:P76) / COUNT(P63:P76)) -> 1926855.2 | T77: R2 | U77: =RSQ(O63:O76,P63:P76) -> 0.622564 | V77: MAE | W77: {=AVERAGE(ABS(V63:V76))} -> 1526822.5 | X77: {=SUMPRODUCT(ABS(O63:O76 - P63:P76)) / COUNT(O63:O76)} -> 1526822.5
A79: Forecasting using IT2FIS-ZOA
A80: Category | B80: Special Holiday | C80: Day / Date | D80: Day | I80: WDMAX | J80: LDMAX | K80: TLDMAX | L80: VLDMAX | M80: Output | N80: Forecast | O80: Peramalan | P80: Aktual | Q80: Error
D81: H-4 (Wh) | E81: H-3 (Wh) | F81: H-2 (Wh) | G81: H-1 (Wh) | H81: H (Wh) | M81: Forecast | N81: LDMAX | O81: P'MAX(Watthours) | P81: (Watthours) | Q81: (%)
A82: General Holidays | B82: 1. New Year | C82: Sunday, Jan 01 | D82: 24649306 | E82: 26388464 | F82: 25474318 | G82: 25889711 | H82: 21383235 | I82: 25600450 | J82: -16.473204 | K82: -5.1876095 | L82: -11.285594 | M82: -11.9009 | N82: =M82+K82 -> -17.08851 | O82: =I82+((N82*I82)/100) -> 21225714 | P82: =H82 -> 21383235 | Q82: =-((O82-H82)/H82)*100 -> 0.7366566 | V82: =(O82-P82) -> -157521.01
B83: 2. Independence Day | C83: Thursday, Aug 17 | D83: 20767780 | E83: 29123880 | F83: 29726541 | G83: 29297504 | H83: 23369011 | I83: 27228926 | J83: -14.175787 | K83: -4.9532393 | L83: -9.2225478 | M83: -6 | N83: =M83+K83 -> -10.953239 | O83: =I83+((N83*I83)/100) -> 24246477 | P83: =H83 -> 23369011 | Q83: =((O83-H83)/H83)*100 -> 3.7548236 | V83: =(O83-P83) -> 877465.17
A84: Islamic Holidays | B84: 1. Idul Adha | C84: Thursday, Jun 29 | D84: 22208043 | E84: 28933957 | F84: 29751614 | G84: 22312681 | H84: 20658325 | I84: 25801574 | J84: -19.933858 | K84: -6.2290872 | L84: -13.704771 | M84: 0 | N84: =M84+K84 -> -6.2290872 | O84: =I84+((N84*I84)/100) -> 24194371 | P84: =H84 -> 20658325 | Q84: =((O84-H84)/H84)*100 -> 17.116812 | V84: =(O84-P84) -> 3536046.7
B85: 2. Islamic New Year | C85: Wednesday, Jul 19 | D85: 27025283 | E85: 21083588 | F85: 28915431 | G85: 29089796 | H85: 23414288 | I85: 26528525 | J85: -11.739199 | K85: -1.6861634 | L85: -10.053036 | M85: -9 | N85: =M85+K85 -> -10.686163 | O85: =I85+((N85*I85)/100) -> 23693643 | P85: =H85 -> 23414288 | Q85: =((O85-H85)/H85)*100 -> 1.1930957 | V85: =(O85-P85) -> 279354.86
B86: 3. Maulid | C86: Thursday, Sep 28 | D86: 23272362 | E86: 30686318 | F86: 29710821 | G86: 29906454 | H86: 23798221 | I86: 28393989 | J86: -16.185708 | K86: -4.5183112 | L86: -11.667397 | M86: -9 | N86: =M86+K86 -> -13.518311 | O86: =I86+((N86*I86)/100) -> 24555601 | P86: =H86 -> 23798221 | Q86: =((O86-H86)/H86)*100 -> 3.1825084 | V86: =(O86-P86) -> 757380.38
B87: 4. Isra Mi'raj | C87: Saturday, Feb 18 | D87: 27210185 | E87: 27031165 | F87: 27719443 | G87: 27294019 | H87: 25703680 | I87: 27313703 | J87: -5.894563 | K87: -2.1361636 | L87: -3.7583995 | M87: -4.5 | N87: =M87+K87 -> -6.6361636 | O87: =I87+((N87*I87)/100) -> 25501121 | P87: =H87 -> 25703680 | Q87: =-((O87-H87)/H87)*100 -> 0.78805281 | V87: =(O87-P87) -> -202558.57
B88: 5. Idul Fitri I | C88: Saturday, Apr 22 | D88: 28152491 | E88: 24068160 | F88: 21402954 | G88: 19347441 | H88: 18556040 | I88: 23242761 | J88: -20.164222 | K88: -4.5612356 | L88: -15.602986 | M88: -6 | N88: =M88+K88 -> -10.561236 | O88: =I88+((N88*I88)/100) -> 20788039 | P88: =H88 -> 18556040 | Q88: =((O88-H88)/H88)*100 -> 12.028424 | V88: =(O88-P88) -> 2231999.1
B89: 6. Idul Fitri II | C89: Sunday, Apr 23 | D89: 24068160 | E89: 21402954 | F89: 19347441 | G89: 18556040 | H89: 20061148 | I89: 20843649 | J89: -3.7541463 | K89: -2.2169827 | L89: -1.5371636 | M89: 0 | N89: =M89+K89 -> -2.2169827 | O89: =I89+((N89*I89)/100) -> 20381549 | P89: =H89 -> 20061148 | Q89: =((O89-H89)/H89)*100 -> 1.5971219 | V89: =(O89-P89) -> 320400.99
A90: Christian Holidays | B90: 1. Good Friday | C90: Friday, Apr 07 | D90: 26929203 | E90: 26205002 | F90: 27649232 | G90: 28487018 | H90: 22518593 | I90: 27317614 | J90: -17.567498 | K90: -8.1061705 | L90: -9.4613273 | M90: -4.5 | N90: =M90+K90 -> -12.606171 | O90: =I90+((N90*I90)/100) -> 23873909 | P90: =H90 -> 22518593 | Q90: =((O90-H90)/H90)*100 -> 6.0186542 | V90: =(O90-P90) -> 1355316.2
B91: 2. Ascension Day | C91: Thursday, May 18 | D91: 23185443 | E91: 30488212 | F91: 31284871 | G91: 30880026 | H91: 25094944 | I91: 28959638 | J91: -13.345104 | K91: -6.5666472 | L91: -6.7784571 | M91: -4.764 | N91: =M91+K91 -> -11.330647 | O91: =I91+((N91*I91)/100) -> 25678324 | P91: =H91 -> 25094944 | Q91: =((O91-H91)/H91)*100 -> 2.3246893 | V91: =(O91-P91) -> 583379.49
B92: 3. Christmas | C92: Monday, Dec 25 | D92: 33735338 | E92: 32642075 | F92: 31107022 | G92: 22935018 | H92: 23465167 | I92: 30104863 | J92: -22.055229 | K92: -8.7823478 | L92: -13.272881 | M92: -4.5 | N92: =M92+K92 -> -13.282348 | O92: =I92+((N92*I92)/100) -> 26106231 | P92: =H92 -> 23465167 | Q92: =((O92-H92)/H92)*100 -> 11.255253 | V92: =(O92-P92) -> 2641063.9
A93: Hindu, Buddhist, | B93: 1. Silent Day (Nyepi) | C93: Wednesday, Mar 22 | D93: 26571839 | E93: 21378547 | F93: 28930032 | G93: 29008866 | H93: 23458006 | I93: 26472321 | J93: -11.386668 | K93: -1.7419396 | L93: -9.6447284 | M93: 0 | N93: =M93+K93 -> -1.7419396 | O93: =I93+((N93*I93)/100) -> 26011189 | P93: =H93 -> 23458006 | Q93: =((O93-H93)/H93)*100 -> 10.88406 | V93: =(O93-P93) -> 2553183.5
A94: and Chinese Holidays | B94: 2. Chinese New Year (Imlek) | C94: Sunday, Jan 22 | D94: 27701896 | E94: 27860853 | F94: 25524164 | G94: 26210529 | H94: 20598511 | I94: 26824361 | J94: -23.209684 | K94: -11.902688 | L94: -11.306996 | M94: 0 | N94: =M94+K94 -> -11.902688 | O94: =I94+((N94*I94)/100) -> 23631541 | P94: =H94 -> 20598511 | Q94: =((O94-H94)/H94)*100 -> 14.724508 | V94: =(O94-P94) -> 3033029.4
B95: 3.Waisak | C95: Sunday, Jun 04 | D95: 32850749 | E95: 26168015 | F95: 25505982 | G95: 30188565 | H95: 23319886 | I95: 28678328 | J95: -18.68464 | K95: -2.7956007 | L95: -15.889039 | M95: -6 | N95: =M95+K95 -> -8.7956007 | O95: =I95+((N95*I95)/100) -> 26155897 | P95: =H95 -> 23319886 | Q95: =((O95-H95)/H95)*100 -> 12.161343 | V95: =(O95-P95) -> 2836011.2
P96: MAPE | Q96: =SUM(Q82:Q95)/14 -> 6.9832859 | R96: RMSE | S96: =SQRT(SUMXMY2(O82:O95, P82:P95) / COUNT(P82:P95)) -> 1927043.6 | T96: R2 | U96: =RSQ(O82:O95,P82:P95) -> 0.62416839 | V96: MAE | W96: {=AVERAGE(ABS(V82:V95))} -> 1526050.7 | X96: {=SUMPRODUCT(ABS(O82:O95 - P82:P95)) / COUNT(O82:O95)} -> 1526050.7
A99: Forecasting using IT2FIS-Orangutan Optimization Algorithm (OOA)
A100: Category | B100: Special Holiday | C100: Day / Date | D100: Day | I100: WDMAX | J100: LDMAX | K100: TLDMAX | L100: VLDMAX | M100: Output | N100: Forecast | O100: Peramalan | P100: Aktual | Q100: Error
D101: H-4 (Wh) | E101: H-3 (Wh) | F101: H-2 (Wh) | G101: H-1 (Wh) | H101: H (Wh) | M101: Forecast | N101: LDMAX | O101: P'MAX(Watthours) | P101: (Watthours) | Q101: (%)
A102: General Holidays | B102: 1. New Year | C102: Sunday, Jan 01 | D102: 24649306 | E102: 26388464 | F102: 25474318 | G102: 25889711 | H102: 21383235 | I102: 25600450 | J102: -16.473204 | K102: -5.1876095 | L102: -11.285594 | M102: -11.8946 | N102: =M102+K102 -> -17.08221 | O102: =I102+((N102*I102)/100) -> 21227327 | P102: =H102 -> 21383235 | Q102: =-((O102-H102)/H102)*100 -> 0.72911411 | V102: =(O102-P102) -> -155908.19
B103: 2. Independence Day | C103: Thursday, Aug 17 | D103: 20767780 | E103: 29123880 | F103: 29726541 | G103: 29297504 | H103: 23369011 | I103: 27228926 | J103: -14.175787 | K103: -4.9532393 | L103: -9.2225478 | M103: -6 | N103: =M103+K103 -> -10.953239 | O103: =I103+((N103*I103)/100) -> 24246477 | P103: =H103 -> 23369011 | Q103: =((O103-H103)/H103)*100 -> 3.7548236 | V103: =(O103-P103) -> 877465.17
A104: Islamic Holidays | B104: 1. Idul Adha | C104: Thursday, Jun 29 | D104: 22208043 | E104: 28933957 | F104: 29751614 | G104: 22312681 | H104: 20658325 | I104: 25801574 | J104: -19.933858 | K104: -6.2290872 | L104: -13.704771 | M104: 0 | N104: =M104+K104 -> -6.2290872 | O104: =I104+((N104*I104)/100) -> 24194371 | P104: =H104 -> 20658325 | Q104: =((O104-H104)/H104)*100 -> 17.116812 | V104: =(O104-P104) -> 3536046.7
B105: 2. Islamic New Year | C105: Wednesday, Jul 19 | D105: 27025283 | E105: 21083588 | F105: 28915431 | G105: 29089796 | H105: 23414288 | I105: 26528525 | J105: -11.739199 | K105: -1.6861634 | L105: -10.053036 | M105: -9 | N105: =M105+K105 -> -10.686163 | O105: =I105+((N105*I105)/100) -> 23693643 | P105: =H105 -> 23414288 | Q105: =((O105-H105)/H105)*100 -> 1.1930957 | V105: =(O105-P105) -> 279354.86
B106: 3. Maulid | C106: Thursday, Sep 28 | D106: 23272362 | E106: 30686318 | F106: 29710821 | G106: 29906454 | H106: 23798221 | I106: 28393989 | J106: -16.185708 | K106: -4.5183112 | L106: -11.667397 | M106: -9 | N106: =M106+K106 -> -13.518311 | O106: =I106+((N106*I106)/100) -> 24555601 | P106: =H106 -> 23798221 | Q106: =((O106-H106)/H106)*100 -> 3.1825084 | V106: =(O106-P106) -> 757380.38
B107: 4. Isra Mi'raj | C107: Saturday, Feb 18 | D107: 27210185 | E107: 27031165 | F107: 27719443 | G107: 27294019 | H107: 25703680 | I107: 27313703 | J107: -5.894563 | K107: -2.1361636 | L107: -3.7583995 | M107: -4.5 | N107: =M107+K107 -> -6.6361636 | O107: =I107+((N107*I107)/100) -> 25501121 | P107: =H107 -> 25703680 | Q107: =-((O107-H107)/H107)*100 -> 0.78805281 | V107: =(O107-P107) -> -202558.57
...

Sheet Result VLD 2023
B1: RESULT FORCASTING VLD YEAR 2023
B3: Type-1 | E3: IT2-FIS | H3: IT2FIS-CSA | K3: IT2FIS-FA | N3: IT2FIS-ZOA | Q3: IT2FIS-OOA
B4: Actual | C4: Forecast | D4: Error | E4: Actual | F4: Forecast | G4: Error | H4: Actual | I4: Forecast | J4: Error | K4: Actual | L4: Forecast | M4: Error | N4: Actual | O4: Forecast | P4: Error | Q4: Actual | R4: Forecast | S4: Error
B5: ='2023a'!L6 -> -11.285594 | C5: ='2023a'!M6 -> -12 | D5: =ABS(B5-C5) -> 0.71440566 | E5: ='2023a'!L25 -> -11.285594 | F5: ='2023a'!M25 -> -12 | G5: =ABS(F5-E5) -> 0.71440566 | H5: ='2023a'!L44 -> -11.285594 | I5: ='2023a'!M44 -> -11.9334 | J5: =ABS(I5-H5) -> 0.64780566 | K5: ='2023a'!L63 -> -11.285594 | L5: ='2023a'!M63 -> -12.0103 | M5: =ABS(L5-K5) -> 0.72470566 | N5: ='2023a'!L82 -> -11.285594 | O5: ='2023a'!M82 -> -11.9009 | P5: =ABS(O5-N5) -> 0.61530566 | Q5: ='2023a'!L102 -> -11.285594 | R5: ='2023a'!M102 -> -11.8946 | S5: =ABS(R5-Q5) -> 0.60900566
B6: ='2023a'!L7 -> -9.2225478 | C6: ='2023a'!M7 -> -4.7677 | D6: =ABS(B6-C6) -> 4.4548478 | E6: ='2023a'!L26 -> -9.2225478 | F6: ='2023a'!M26 -> -6 | G6: =ABS(F6-E6) -> 3.2225478 | H6: ='2023a'!L45 -> -9.2225478 | I6: ='2023a'!M45 -> -6 | J6: =ABS(I6-H6) -> 3.2225478 | K6: ='2023a'!L64 -> -9.2225478 | L6: ='2023a'!M64 -> -6 | M6: =ABS(L6-K6) -> 3.2225478 | N6: ='2023a'!L83 -> -9.2225478 | O6: ='2023a'!M83 -> -6 | P6: =ABS(O6-N6) -> 3.2225478 | Q6: ='2023a'!L103 -> -9.2225478 | R6: ='2023a'!M103 -> -6 | S6: =ABS(R6-Q6) -> 3.2225478
B7: ='2023a'!L8 -> -13.704771 | C7: ='2023a'!M8 -> 0 | D7: =ABS(B7-C7) -> 13.704771 | E7: ='2023a'!L27 -> -13.704771 | F7: ='2023a'!M27 -> 0 | G7: =ABS(F7-E7) -> 13.704771 | H7: ='2023a'!L46 -> -13.704771 | I7: ='2023a'!M46 -> 0 | J7: =ABS(I7-H7) -> 13.704771 | K7: ='2023a'!L65 -> -13.704771 | L7: ='2023a'!M65 -> 0 | M7: =ABS(L7-K7) -> 13.704771 | N7: ='2023a'!L84 -> -13.704771 | O7: ='2023a'!M84 -> 0 | P7: =ABS(O7-N7) -> 13.704771 | Q7: ='2023a'!L104 -> -13.704771 | R7: ='2023a'!M104 -> 0 | S7: =ABS(R7-Q7) -> 13.704771
B8: ='2023a'!L9 -> -10.053036 | C8: ='2023a'!M9 -> -9 | D8: =ABS(B8-C8) -> 1.0530358 | E8: ='2023a'!L28 -> -10.053036 | F8: ='2023a'!M28 -> -9 | G8: =ABS(F8-E8) -> 1.0530358 | H8: ='2023a'!L47 -> -10.053036 | I8: ='2023a'!M47 -> -9 | J8: =ABS(I8-H8) -> 1.0530358 | K8: ='2023a'!L66 -> -10.053036 | L8: ='2023a'!M66 -> -9 | M8: =ABS(L8-K8) -> 1.0530358 | N8: ='2023a'!L85 -> -10.053036 | O8: ='2023a'!M85 -> -9 | P8: =ABS(O8-N8) -> 1.0530358 | Q8: ='2023a'!L105 -> -10.053036 | R8: ='2023a'!M105 -> -9 | S8: =ABS(R8-Q8) -> 1.0530358
B9: ='2023a'!L10 -> -11.667397 | C9: ='2023a'!M10 -> -9 | D9: =ABS(B9-C9) -> 2.6673969 | E9: ='2023a'!L29 -> -11.667397 | F9: ='2023a'!M29 -> -9 | G9: =ABS(F9-E9) -> 2.6673969 | H9: ='2023a'!L48 -> -11.667397 | I9: ='2023a'!M48 -> -9 | J9: =ABS(I9-H9) -> 2.6673969 | K9: ='2023a'!L67 -> -11.667397 | L9: ='2023a'!M67 -> -9 | M9: =ABS(L9-K9) -> 2.6673969 | N9: ='2023a'!L86 -> -11.667397 | O9: ='2023a'!M86 -> -9 | P9: =ABS(O9-N9) -> 2.6673969 | Q9: ='2023a'!L106 -> -11.667397 | R9: ='2023a'!M106 -> -9 | S9: =ABS(R9-Q9) -> 2.6673969
B10: ='2023a'!L11 -> -3.7583995 | C10: ='2023a'!M11 -> -4.5 | D10: =ABS(B10-C10) -> 0.74160054 | E10: ='2023a'!L30 -> -3.7583995 | F10: ='2023a'!M30 -> -4.5 | G10: =ABS(F10-E10) -> 0.74160054 | H10: ='2023a'!L49 -> -3.7583995 | I10: ='2023a'!M49 -> -4.5 | J10: =ABS(I10-H10) -> 0.74160054 | K10: ='2023a'!L68 -> -3.7583995 | L10: ='2023a'!M68 -> -4.5 | M10: =ABS(L10-K10) -> 0.74160054 | N10: ='2023a'!L87 -> -3.7583995 | O10: ='2023a'!M87 -> -4.5 | P10: =ABS(O10-N10) -> 0.74160054 | Q10: ='2023a'!L107 -> -3.7583995 | R10: ='2023a'!M107 -> -4.5 | S10: =ABS(R10-Q10) -> 0.74160054
B11: ='2023a'!L12 -> -15.602986 | C11: ='2023a'!M12 -> -6 | D11: =ABS(B11-C11) -> 9.6029859 | E11: ='2023a'!L31 -> -15.602986 | F11: ='2023a'!M31 -> -6 | G11: =ABS(F11-E11) -> 9.6029859 | H11: ='2023a'!L50 -> -15.602986 | I11: ='2023a'!M50 -> -6 | J11: =ABS(I11-H11) -> 9.6029859 | K11: ='2023a'!L69 -> -15.602986 | L11: ='2023a'!M69 -> -6 | M11: =ABS(L11-K11) -> 9.6029859 | N11: ='2023a'!L88 -> -15.602986 | O11: ='2023a'!M88 -> -6 | P11: =ABS(O11-N11) -> 9.6029859 | Q11: ='2023a'!L108 -> -15.602986 | R11: ='2023a'!M108 -> -6 | S11: =ABS(R11-Q11) -> 9.6029859
B12: ='2023a'!L13 -> -1.5371636 | C12: ='2023a'!M13 -> 0 | D12: =ABS(B12-C12) -> 1.5371636 | E12: ='2023a'!L32 -> -1.5371636 | F12: ='2023a'!M32 -> 0 | G12: =ABS(F12-E12) -> 1.5371636 | H12: ='2023a'!L51 -> -1.5371636 | I12: ='2023a'!M51 -> 0 | J12: =ABS(I12-H12) -> 1.5371636 | K12: ='2023a'!L70 -> -1.5371636 | L12: ='2023a'!M70 -> 0 | M12: =ABS(L12-K12) -> 1.5371636 | N12: ='2023a'!L89 -> -1.5371636 | O12: ='2023a'!M89 -> 0 | P12: =ABS(O12-N12) -> 1.5371636 | Q12: ='2023a'!L109 -> -1.5371636 | R12: ='2023a'!M109 -> 0 | S12: =ABS(R12-Q12) -> 1.5371636
B13: ='2023a'!L14 -> -9.4613273 | C13: ='2023a'!M14 -> -4.5 | D13: =ABS(B13-C13) -> 4.9613273 | E13: ='2023a'!L33 -> -9.4613273 | F13: ='2023a'!M33 -> -4.5 | G13: =ABS(F13-E13) -> 4.9613273 | H13: ='2023a'!L52 -> -9.4613273 | I13: ='2023a'!M52 -> -4.5 | J13: =ABS(I13-H13) -> 4.9613273 | K13: ='2023a'!L71 -> -9.4613273 | L13: ='2023a'!M71 -> -4.5 | M13: =ABS(L13-K13) -> 4.9613273 | N13: ='2023a'!L90 -> -9.4613273 | O13: ='2023a'!M90 -> -4.5 | P13: =ABS(O13-N13) -> 4.9613273 | Q13: ='2023a'!L110 -> -9.4613273 | R13: ='2023a'!M110 -> -4.5 | S13: =ABS(R13-Q13) -> 4.9613273
B14: ='2023a'!L15 -> -6.7784571 | C14: ='2023a'!M15 -> -5.00054 | D14: =ABS(B14-C14) -> 1.7779171 | E14: ='2023a'!L34 -> -6.7784571 | F14: ='2023a'!M34 -> -4.8236 | G14: =ABS(F14-E14) -> 1.9548571 | H14: ='2023a'!L53 -> -6.7784571 | I14: ='2023a'!M53 -> -4.7571 | J14: =ABS(I14-H14) -> 2.0213571 | K14: ='2023a'!L72 -> -6.7784571 | L14: ='2023a'!M72 -> -4.8234 | M14: =ABS(L14-K14) -> 1.9550571 | N14: ='2023a'!L91 -> -6.7784571 | O14: ='2023a'!M91 -> -4.764 | P14: =ABS(O14-N14) -> 2.0144571 | Q14: ='2023a'!L111 -> -6.7784571 | R14: ='2023a'!M111 -> -4.802 | S14: =ABS(R14-Q14) -> 1.9764571
B15: ='2023a'!L16 -> -13.272881 | C15: ='2023a'!M16 -> -4.5 | D15: =ABS(B15-C15) -> 8.7728813 | E15: ='2023a'!L35 -> -13.272881 | F15: ='2023a'!M35 -> -4.5 | G15: =ABS(F15-E15) -> 8.7728813 | H15: ='2023a'!L54 -> -13.272881 | I15: ='2023a'!M54 -> -4.5 | J15: =ABS(I15-H15) -> 8.7728813 | K15: ='2023a'!L73 -> -13.272881 | L15: ='2023a'!M73 -> -4.5 | M15: =ABS(L15-K15) -> 8.7728813 | N15: ='2023a'!L92 -> -13.272881 | O15: ='2023a'!M92 -> -4.5 | P15: =ABS(O15-N15) -> 8.7728813 | Q15: ='2023a'!L112 -> -13.272881 | R15: ='2023a'!M112 -> -4.5 | S15: =ABS(R15-Q15) -> 8.7728813
B16: ='2023a'!L17 -> -9.6447284 | C16: ='2023a'!M17 -> 0 | D16: =ABS(B16-C16) -> 9.6447284 | E16: ='2023a'!L36 -> -9.6447284 | F16: ='2023a'!M36 -> 0 | G16: =ABS(F16-E16) -> 9.6447284 | H16: ='2023a'!L55 -> -9.6447284 | I16: ='2023a'!M55 -> 0 | J16: =ABS(I16-H16) -> 9.6447284 | K16: ='2023a'!L74 -> -9.6447284 | L16: ='2023a'!M74 -> 0 | M16: =ABS(L16-K16) -> 9.6447284 | N16: ='2023a'!L93 -> -9.6447284 | O16: ='2023a'!M93 -> 0 | P16: =ABS(O16-N16) -> 9.6447284 | Q16: ='2023a'!L113 -> -9.6447284 | R16: ='2023a'!M113 -> 0 | S16: =ABS(R16-Q16) -> 9.6447284
... B18: ='2023a'!L19 -> -15.889039 | C18: ='2023a'!M19 -> -6.41 | D18: =ABS(B18-C18) -> 9.4790395 | E18: ='2023a'!L38 -> -15.889039 | F18: ='2023a'!M38 -> -6 | G18: =ABS(F18-E18) -> 9.8890395 | H18: ='2023a'!L57 -> -15.889039 | I18: ='2023a'!M57 -> -6 | J18: =ABS(I18-H18) -> 9.8890395 | K18: ='2023a'!L76 -> -15.889039 | L18: ='2023a'!M76 -> -6 | M18: =ABS(L18-K18) -> 9.8890395 | N18: ='2023a'!L95 -> -15.889039 | O18: ='2023a'!M95 -> -6 | P18: =ABS(O18-N18) -> 9.8890395 | Q18: ='2023a'!L115 -> -15.889039 | R18: ='2023a'!M115 -> -6.12 | S18: =ABS(R18-Q18) -> 9.7690395

Sheet 2024a
A1: RSUD ULIN Electrical Load Consumption During Special Holidays (Year 2024)
A3: Forecasting using Fuzzy Type 1 Inference system
A4: Category | B4: Special Holiday | C4: Day / Date | D4: Day | I4: WDMAX | J4: LDMAX | K4: TLDMAX | L4: VLDMAX | M4: Output | N4: Forecast | O4: Peramalan | P4: Aktual | Q4: Error | V4: Error
D5: H-4 (Wh) | E5: H-3 (Wh) | F5: H-2 (Wh) | G5: H-1 (Wh) | H5: H (Wh) | M5: Forecast | N5: LDMAX | O5: P'MAX(Watthours) | P5: (Watthours) | Q5: (%)
A6: General Holidays | B6: 1. New Year | C6: Monday, Jan 01 | D6: 31962075 | E6: 31389832 | F6: 30887111 | G6: 27674659 | H6: 25001165 | I6: =(D6+E6+F6+G6)/4 -> 30478419 | J6: =((H6-I6)/I6)*100 -> -17.970926 | K6: =('2020a'!J5+'2021a'!J5+'2022a'!J5+'2023a'!J6)/4 -> -8.0090081 | L6: =J6-K6 -> -9.9619177 | M6: -13.7527 | N6: =M6+K6 -> -21.761708 | O6: =I6+((N6*I6)/100) -> 23845795 | P6: =H6 -> 25001165 | Q6: =ABS((O6-H6)/H6)*100 -> 4.6212667 | V6: =(O6-P6) -> -1155370.5
B7: 2. Independence Day | C7: Saturday, Aug 17 | D7: 27235140 | E7: 28261723 | F7: 29261318 | G7: 25243722 | H7: 24512818 | I7: =(D7+E7+F7+G7)/4 -> 27500476 | J7: =((H7-I7)/I7)*100 -> -10.864023 | K7: =('2020a'!J6+'2021a'!J6+'2022a'!J6+'2023a'!J7)/4 -> -7.2588762 | L7: =J7-K7 -> -3.6051464 | M7: -8.627 | N7: =M7+K7 -> -15.885876 | O7: =I7+((N7*I7)/100) -> 23131784 | P7: =H7 -> 24512818 | Q7: =ABS((O7-H7)/H7)*100 -> 5.6339244 | V7: =(O7-P7) -> -1381033.6
A8: Islamic Holidays | B8: 1. Idul Adha | C8: Monday, Jun 17 | D8: 31957263 | E8: 31021032 | F8: 30016114 | G8: 25024126 | H8: 24126175 | I8: =(D8+E8+F8+G8)/4 -> 29504634 | J8: =((H8-I8)/I8)*100 -> -18.229199 | K8: =('2020a'!J7+'2021a'!J7+'2022a'!J7+'2023a'!J8)/4 -> -9.65528 | L8: =J8-K8 -> -8.5739194 | M8: 0 | N8: =M8+K8 -> -9.65528 | O8: =I8+((N8*I8)/100) -> 26655879 | P8: =H8 -> 24126175 | Q8: =ABS((O8-H8)/H8)*100 -> 10.485307 | V8: =(O8-P8) -> 2529703.5
B9: 2. Islamic New Year | C9: Sunday, Jul 07 | D9: 30050153 | E9: 26598716 | F9: 26845796 | G9: 27003129 | H9: 25429719 | I9: =(D9+E9+F9+G9)/4 -> 27624448 | J9: =((H9-I9)/I9)*100 -> -7.9448821 | K9: =('2020a'!J8+'2021a'!J8+'2022a'!J8+'2023a'!J9)/4 -> -4.1994223 | L9: =J9-K9 -> -3.7454598 | M9: -12 | N9: =M9+K9 -> -16.199422 | O9: =I9+((N9*I9)/100) -> 23149447 | P9: =H9 -> 25429719 | Q9: =ABS((O9-H9)/H9)*100 -> 8.9669542 | V9: =(O9-P9) -> -2280271.2
B10: 3. Maulid | C10: Monday, Sep 16 | D10: 30101526 | E10: 28313129 | F10: 28015138 | G10: 24826248 | H10: 24516279 | I10: =(D10+E10+F10+G10)/4 -> 27814010 | J10: =((H10-I10)/I10)*100 -> -11.856368 | K10: =('2020a'!J9+'2021a'!J9+'2022a'!J9+'2023a'!J10)/4 -> -7.4351604 | L10: =J10-K10 -> -4.421208 | M10: -13.6634 | N10: =M10+K10 -> -21.09856 | O10: =I10+((N10*I10)/100) -> 21945655 | P10: =H10 -> 24516279 | Q10: =ABS((O10-H10)/H10)*100 -> 10.485377 | V10: =(O10-P10) -> -2570624.2
B11: 4. Isra Mi'raj | C11: Thursday, Feb 08 | D11: 22303983 | E11: 29489179 | F11: 31781409 | G11: 29018457 | H11: 23904977 | I11: =(D11+E11+F11+G11)/4 -> 28148257 | J11: =((H11-I11)/I11)*100 -> -15.074752 | K11: =('2020a'!J10+'2021a'!J10+'2022a'!J10+'2023a'!J11)/4 -> -3.0757634 | L11: =J11-K11 -> -11.998988 | M11: -10.9342 | N11: =M11+K11 -> -14.009963 | O11: =I11+((N11*I11)/100) -> 24204697 | P11: =H11 -> 23904977 | Q11: =ABS((O11-H11)/H11)*100 -> 1.2537946 | V11: =(O11-P11) -> 299719.31
B12: 5. Idul Fitri I | C12: Saturday, Apr 10 | D12: 28929860 | E12: 23254492 | F12: 25535228 | G12: 22107167 | H12: 20221836 | I12: =(D12+E12+F12+G12)/4 -> 24956687 | J12: =((H12-I12)/I12)*100 -> -18.972272 | K12: =('2020a'!J11+'2021a'!J11+'2022a'!J11+'2023a'!J12)/4 -> -8.4619821 | L12: =J12-K12 -> -10.51029 | M12: 0 | N12: =M12+K12 -> -8.4619821 | O12: =I12+((N12*I12)/100) -> 22844857 | P12: =H12 -> 20221836 | Q12: =ABS((O12-H12)/H12)*100 -> 12.971226 | V12: =(O12-P12) -> 2623020.2
B13: 6. Idul Fitri II | C13: Sunday, Apr 11 | D13: 23254492 | E13: 25535228 | F13: 22107167 | G13: 20221836 | H13: 20717923 | I13: =(D13+E13+F13+G13)/4 -> 22779681 | J13: =((H13-I13)/I13)*100 -> -9.0508644 | K13: =('2020a'!J12+'2021a'!J12+'2022a'!J12+'2023a'!J13)/4 -> -2.6012736 | L13: =J13-K13 -> -6.4495908 | M13: -12 | N13: =M13+K13 -> -14.601274 | O13: =I13+((N13*I13)/100) -> 19453557 | P13: =H13 -> 20717923 | Q13: =ABS((O13-H13)/H13)*100 -> 6.1027619 | V13: =(O13-P13) -> -1264365.5
A14: Christian Holidays | B14: 1. Good Friday | C14: Friday, Mar 29 | D14: 33264637 | E14: 31685394 | F14: 32736843 | G14: 31201640 | H14: 25986092 | I14: =(D14+E14+F14+G14)/4 -> 32222128 | J14: =((H14-I14)/I14)*100 -> -19.353274 | K14: =('2020a'!J13+'2021a'!J13+'2022a'!J13+'2023a'!J14)/4 -> -10.471502 | L14: =J14-K14 -> -8.8817713 | M14: -14.0608 | N14: =M14+K14 -> -24.532302 | O14: =I14+((N14*I14)/100) -> 24317298 | P14: =H14 -> 25986092 | Q14: =ABS((O14-H14)/H14)*100 -> 6.4218709 | V14: =(O14-P14) -> -1668793.3
B15: 2. Ascension Day | C15: Thursday, May 09 | D15: 28258348 | E15: 30515259 | F15: 30187192 | G15: 28987478 | H15: 26009815 | I15: =(D15+E15+F15+G15)/4 -> 29487069 | J15: =((H15-I15)/I15)*100 -> -11.792473 | K15: =('2020a'!J14+'2021a'!J14+'2022a'!J14+'2023a'!J15)/4 -> -8.2612614 | L15: =J15-K15 -> -3.5312117 | M15: -7.9569 | N15: =M15+K15 -> -16.218161 | O15: =I15+((N15*I15)/100) -> 24704809 | P15: =H15 -> 26009815 | Q15: =ABS((O15-H15)/H15)*100 -> 5.017359 | V15: =(O15-P15) -> -1305005.8
B16: 3. Christmas | C16: Monday, Dec 25 | D16: 32988766 | E16: 31713502 | F16: 30089571 | G16: 23894817 | H16: 24792649 | I16: =(D16+E16+F16+G16)/4 -> 29671664 | J16: =((H16-I16)/I16)*100 -> -16.443348 | K16: =('2020a'!J15+'2021a'!J15+'2022a'!J15+'2023a'!J16)/4 -> -12.100568 | L16: =J16-K16 -> -4.3427803 | M16: 0 | N16: =M16+K16 -> -12.100568 | O16: =I16+((N16*I16)/100) -> 26081224 | P16: =H16 -> 24792649 | Q16: =ABS((O16-H16)/H16)*100 -> 5.1974083 | V16: =(O16-P16) -> 1288575.2
A17: Hindu, Buddhist, | B17: 1. Silent Day (Nyepi) | C17: Monday, Mar 11 | D17: 32770228 | E17: 30045391 | F17: 28826716 | G17: 22574331 | H17: 23546634 | I17: =(D17+E17+F17+G17)/4 -> 28554167 | J17: =((H17-I17)/I17)*100 -> -17.536958 | K17: =('2020a'!J16+'2021a'!J16+'2022a'!J16+'2023a'!J17)/4 -> -4.1531217 | L17: =J17-K17 -> -13.383836 | M17: -14.0186 | N17: =M17+K17 -> -18.171722 | O17: =I17+((N17*I17)/100) -> 23365383 | P17: =H17 -> 23546634 | Q17: =ABS((O17-H17)/H17)*100 -> 0.76975592 | V17: =(O17-P17) -> -181251.61
A18: and Chinese Holidays | B18: 2. Chinese New Year (Imlek) | C18: Saturday, Feb 10 | D18: 31781409 | E18: 29018457 | F18: 23904977 | G18: 24557871 | H18: 22710129 | I18: =(D18+E18+F18+G18)/4 -> 27315679 | J18: =((H18-I18)/I18)*100 -> -16.860463 | K18: =('2020a'!J17+'2021a'!J17+'2022a'!J17+'2023a'!J18)/4 -> -14.729437 | L18: =J18-K18 -> -2.1310256 | M18: -6.8104 | N18: =M18+K18 -> -21.539837 | O18: =I18+((N18*I18)/100) -> 21431926 | P18: =H18 -> 22710129 | Q18: =ABS((O18-H18)/H18)*100 -> 5.6283383 | V18: =(O18-P18) -> -1278202.9
B19: 3.Waisak | C19: Thursday, May 23 | D19: 23174758 | E19: 30251429 | F19: 29853482 | G19: 29008794 | H19: 25031136 | I19: =(D19+E19+F19+G19)/4 -> 28072116 | J19: =((H19-I19)/I19)*100 -> -10.832742 | K19: =('2020a'!J18+'2021a'!J18+'2022a'!J18+'2023a'!J19)/4 -> -6.7678605 | L19: =J19-K19 -> -4.0648817 | M19: 0 | N19: =M19+K19 -> -6.7678605 | O19: =I19+((N19*I19)/100) -> 26172234 | P19: =H19 -> 25031136 | Q19: =ABS((O19-H19)/H19)*100 -> 4.5587156 | V19: =(O19-P19) -> 1141098.3
P20: MAPE | Q20: =SUM(Q6:Q19)/14 -> 6.2938614 | R20: RMSE | S20: =SQRT(SUMXMY2(O6:O19, P6:P19) / COUNT(P6:P19)) -> 1671933.5 | T20: R2 | U20: =RSQ(O6:O19,P6:P19) -> 0.34856975 | V20: MAE | W20: {=AVERAGE(ABS(V6:V19))} -> 1497645.4 | X20: {=SUMPRODUCT(ABS(O6:O19 - P6:P19)) / COUNT(O6:O19)} -> 1497645.4
A22: Forecasting using Interval Type 2 Fuzzy Inference system
A23: Category | B23: Special Holiday | C23: Day / Date | D23: Day | I23: WDMAX | J23: LDMAX | K23: TLDMAX | L23: VLDMAX | M23: Output | N23: Forecast | O23: Peramalan | P23: Aktual | Q23: Error
D24: H-4 (Wh) | E24: H-3 (Wh) | F24: H-2 (Wh) | G24: H-1 (Wh) | H24: H (Wh) | M24: Forecast | N24: LDMAX | O24: P'MAX(Watthours) | P24: (Watthours) | Q24: (%)
A25: General Holidays | B25: 1. New Year | C25: Monday, Jan 01 | D25: 31962075 | E25: 31389832 | F25: 30887111 | G25: 27674659 | H25: 25001165 | I25: 30478419 | J25: -17.970926 | K25: -8.0090081 | L25: -9.9619177 | M25: -13.65 | N25: =M25+K25 -> -21.659008 | O25: =I25+((N25*I25)/100) -> 23877096 | P25: =H25 -> 25001165 | Q25: =ABS((O25-H25)/H25)*100 -> 4.4960672 | V25: =(O25-P25) -> -1124069.2
B26: 2. Independence Day | C26: Saturday, Aug 17 | D26: 27235140 | E26: 28261723 | F26: 29261318 | G26: 25243722 | H26: 24512818 | I26: 27500476 | J26: -10.864023 | K26: -7.2588762 | L26: -3.6051464 | M26: -8.627 | N26: =M26+K26 -> -15.885876 | O26: =I26+((N26*I26)/100) -> 23131784 | P26: =H26 -> 24512818 | Q26: =ABS((O26-H26)/H26)*100 -> 5.6339244 | V26: =(O26-P26) -> -1381033.6
A27: Islamic Holidays | B27: 1. Idul Adha | C27: Monday, Jun 17 | D27: 31957263 | E27: 31021032 | F27: 30016114 | G27: 25024126 | H27: 24126175 | I27: 29504634 | J27: -18.229199 | K27: -9.65528 | L27: -8.5739194 | M27: 0 | N27: =M27+K27 -> -9.65528 | O27: =I27+((N27*I27)/100) -> 26655879 | P27: =H27 -> 24126175 | Q27: =ABS((O27-H27)/H27)*100 -> 10.485307 | V27: =(O27-P27) -> 2529703.5
B28: 2. Islamic New Year | C28: Sunday, Jul 07 | D28: 30050153 | E28: 26598716 | F28: 26845796 | G28: 27003129 | H28: 25429719 | I28: 27624448 | J28: -7.9448821 | K28: -4.1994223 | L28: -3.7454598 | M28: -12 | N28: =M28+K28 -> -16.199422 | O28: =I28+((N28*I28)/100) -> 23149447 | P28: =H28 -> 25429719 | Q28: =ABS((O28-H28)/H28)*100 -> 8.9669542 | V28: =(O28-P28) -> -2280271.2
B29: 3. Maulid | C29: Monday, Sep 16 | D29: 30101526 | E29: 28313129 | F29: 28015138 | G29: 24826248 | H29: 24516279 | I29: 27814010 | J29: -11.856368 | K29: -7.4351604 | L29: -4.421208 | M29: -13.65 | N29: =M29+K29 -> -21.08516 | O29: =I29+((N29*I29)/100) -> 21949382 | P29: =H29 -> 24516279 | Q29: =ABS((O29-H29)/H29)*100 -> 10.470174 | V29: =(O29-P29) -> -2566897.2
B30: 4. Isra Mi'raj | C30: Thursday, Feb 08 | D30: 22303983 | E30: 29489179 | F30: 31781409 | G30: 29018457 | H30: 23904977 | I30: 28148257 | J30: -15.074752 | K30: -3.0757634 | L30: -11.998988 | M30: -10.5 | N30: =M30+K30 -> -13.575763 | O30: =I30+((N30*I30)/100) -> 24326916 | P30: =H30 -> 23904977 | Q30: =ABS((O30-H30)/H30)*100 -> 1.7650677 | V30: =(O30-P30) -> 421939.04
B31: 5. Idul Fitri I | C31: Saturday, Apr 10 | D31: 28929860 | E31: 23254492 | F31: 25535228 | G31: 22107167 | H31: 20221836 | I31: 24956687 | J31: -18.972272 | K31: -8.4619821 | L31: -10.51029 | M31: 0 | N31: =M31+K31 -> -8.4619821 | O31: =I31+((N31*I31)/100) -> 22844857 | P31: =H31 -> 20221836 | Q31: =ABS((O31-H31)/H31)*100 -> 12.971226 | V31: =(O31-P31) -> 2623020.2
B32: 6. Idul Fitri II | C32: Sunday, Apr 11 | D32: 23254492 | E32: 25535228 | F32: 22107167 | G32: 20221836 | H32: 20717923 | I32: 22779681 | J32: -9.0508644 | K32: -2.6012736 | L32: -6.4495908 | M32: -12 | N32: =M32+K32 -> -14.601274 | O32: =I32+((N32*I32)/100) -> 19453557 | P32: =H32 -> 20717923 | Q32: =ABS((O32-H32)/H32)*100 -> 6.1027619 | V32: =(O32-P32) -> -1264365.5
A33: Christian Holidays | B33: 1. Good Friday | C33: Friday, Mar 29 | D33: 33264637 | E33: 31685394 | F33: 32736843 | G33: 31201640 | H33: 25986092 | I33: 32222128 | J33: -19.353274 | K33: -10.471502 | L33: -8.8817713 | M33: -14.2775 | N33: =M33+K33 -> -24.749002 | O33: =I33+((N33*I33)/100) -> 24247473 | P33: =H33 -> 25986092 | Q33: =ABS((O33-H33)/H33)*100 -> 6.6905737 | V33: =(O33-P33) -> -1738618.6
B34: 2. Ascension Day | C34: Thursday, May 09 | D34: 28258348 | E34: 30515259 | F34: 30187192 | G34: 28987478 | H34: 26009815 | I34: 29487069 | J34: -11.792473 | K34: -8.2612614 | L34: -3.5312117 | M34: -7.3544 | N34: =M34+K34 -> -15.615661 | O34: =I34+((N34*I34)/100) -> 24882469 | P34: =H34 -> 26009815 | Q34: =ABS((O34-H34)/H34)*100 -> 4.3343108 | V34: =(O34-P34) -> -1127346.2
B35: 3. Christmas | C35: Monday, Dec 25 | D35: 32988766 | E35: 31713502 | F35: 30089571 | G35: 23894817 | H35: 24792649 | I35: 29671664 | J35: -16.443348 | K35: -12.100568 | L35: -4.3427803 | M35: 0 | N35: =M35+K35 -> -12.100568 | O35: =I35+((N35*I35)/100) -> 26081224 | P35: =H35 -> 24792649 | Q35: =ABS((O35-H35)/H35)*100 -> 5.1974083 | V35: =(O35-P35) -> 1288575.2
A36: Hindu, Buddhist, | B36: 1. Silent Day (Nyepi) | C36: Monday, Mar 11 | D36: 32770228 | E36: 30045391 | F36: 28826716 | G36: 22574331 | H36: 23546634 | I36: 28554167 | J36: -17.536958 | K36: -4.1531217 | L36: -13.383836 | M36: -14.2091 | N36: =M36+K36 -> -18.362222 | O36: =I36+((N36*I36)/100) -> 23310987 | P36: =H36 -> 23546634 | Q36: =ABS((O36-H36)/H36)*100 -> 1.0007685 | V36: =(O36-P36) -> -235647.3
A37: and Chinese Holidays | B37: 2. Chinese New Year (Imlek) | C37: Saturday, Feb 10 | D37: 31781409 | E37: 29018457 | F37: 23904977 | G37: 24557871 | H37: 22710129 | I37: 27315679 | J37: -16.860463 | K37: -14.729437 | L37: -2.1310256 | M37: -6 | N37: =M37+K37 -> -20.729437 | O37: =I37+((N37*I37)/100) -> 21653292 | P37: =H37 -> 22710129 | Q37: =ABS((O37-H37)/H37)*100 -> 4.6535914 | V37: =(O37-P37) -> -1056836.6
B38: 3.Waisak | C38: Thursday, May 23 | D38: 23174758 | E38: 30251429 | F38: 29853482 | G38: 29008794 | H38: 25031136 | I38: 28072116 | J38: -10.832742 | K38: -6.7678605 | L38: -4.0648817 | M38: 0 | N38: =M38+K38 -> -6.7678605 | O38: =I38+((N38*I38)/100) -> 26172234 | P38: =H38 -> 25031136 | Q38: =ABS((O38-H38)/H38)*100 -> 4.5587156 | V38: =(O38-P38) -> 1141098.3
P39: MAPE | Q39: =SUM(Q25:Q38)/14 -> 6.2376323 | R39: RMSE | S39: =SQRT(SUMXMY2(O25:O38, P25:P38) / COUNT(P25:P38)) -> 1657113.2 | T39: R2 | U39: =RSQ(O25:O38,P25:P38) -> 0.35081363 | V39: MAE | W39: {=AVERAGE(ABS(V25:V38))} -> 1484244.4 | X39: {=SUMPRODUCT(ABS(O25:O38 - P25:P38)) / COUNT(O25:O38)} -> 1484244.4
A41: Forecasting using IT2FIS-CSA
A42: Category | B42: Special Holiday | C42: Day / Date | D42: Day | I42: WDMAX | J42: LDMAX | K42: TLDMAX | L42: VLDMAX | M42: Output | N42: Forecast | O42: Peramalan | P42: Aktual | Q42: Error
D43: H-4 (Wh) | E43: H-3 (Wh) | F43: H-2 (Wh) | G43: H-1 (Wh) | H43: H (Wh) | M43: Forecast | N43: LDMAX | O43: P'MAX(Watthours) | P43: (Watthours) | Q43: (%)
A44: General Holidays | B44: 1. New Year | C44: Monday, Jan 01 | D44: 31962075 | E44: 31389832 | F44: 30887111 | G44: 27674659 | H44: 25001165 | I44: 30478419 | J44: -17.970926 | K44: -8.0090081 | L44: -9.9619177 | M44: -13.65 | N44: =M44+K44 -> -21.659008 | O44: =I44+((N44*I44)/100) -> 23877096 | P44: =H44 -> 25001165 | Q44: =ABS((O44-H44)/H44)*100 -> 4.4960672 | V44: =(O44-P44) -> -1124069.2
B45: 2. Independence Day | C45: Saturday, Aug 17 | D45: 27235140 | E45: 28261723 | F45: 29261318 | G45: 25243722 | H45: 24512818 | I45: 27500476 | J45: -10.864023 | K45: -7.2588762 | L45: -3.6051464 | M45: -8.627 | N45: =M45+K45 -> -15.885876 | O45: =I45+((N45*I45)/100) -> 23131784 | P45: =H45 -> 24512818 | Q45: =ABS((O45-H45)/H45)*100 -> 5.6339244 | V45: =(O45-P45) -> -1381033.6
A46: Islamic Holidays | B46: 1. Idul Adha | C46: Monday, Jun 17 | D46: 31957263 | E46: 31021032 | F46: 30016114 | G46: 25024126 | H46: 24126175 | I46: 29504634 | J46: -18.229199 | K46: -9.65528 | L46: -8.5739194 | M46: 0 | N46: =M46+K46 -> -9.65528 | O46: =I46+((N46*I46)/100) -> 26655879 | P46: =H46 -> 24126175 | Q46: =ABS((O46-H46)/H46)*100 -> 10.485307 | V46: =(O46-P46) -> 2529703.5
B47: 2. Islamic New Year | C47: Sunday, Jul 07 | D47: 30050153 | E47: 26598716 | F47: 26845796 | G47: 27003129 | H47: 25429719 | I47: 27624448 | J47: -7.9448821 | K47: -4.1994223 | L47: -3.7454598 | M47: -11.9902 | N47: =M47+K47 -> -16.189622 | O47: =I47+((N47*I47)/100) -> 23152155 | P47: =H47 -> 25429719 | Q47: =ABS((O47-H47)/H47)*100 -> 8.9563084 | V47: =(O47-P47) -> -2277564
B48: 3. Maulid | C48: Monday, Sep 16 | D48: 30101526 | E48: 28313129 | F48: 28015138 | G48: 24826248 | H48: 24516279 | I48: 27814010 | J48: -11.856368 | K48: -7.4351604 | L48: -4.421208 | M48: -13.65 | N48: =M48+K48 -> -21.08516 | O48: =I48+((N48*I48)/100) -> 21949382 | P48: =H48 -> 24516279 | Q48: =ABS((O48-H48)/H48)*100 -> 10.470174 | V48: =(O48-P48) -> -2566897.2
B49: 4. Isra Mi'raj | C49: Thursday, Feb 08 | D49: 22303983 | E49: 29489179 | F49: 31781409 | G49: 29018457 | H49: 23904977 | I49: 28148257 | J49: -15.074752 | K49: -3.0757634 | L49: -11.998988 | M49: -10.5 | N49: =M49+K49 -> -13.575763 | O49: =I49+((N49*I49)/100) -> 24326916 | P49: =H49 -> 23904977 | Q49: =ABS((O49-H49)/H49)*100 -> 1.7650677 | V49: =(O49-P49) -> 421939.04
B50: 5. Idul Fitri I | C50: Saturday, Apr 10 | D50: 28929860 | E50: 23254492 | F50: 25535228 | G50: 22107167 | H50: 20221836 | I50: 24956687 | J50: -18.972272 | K50: -8.4619821 | L50: -10.51029 | M50: 0 | N50: =M50+K50 -> -8.4619821 | O50: =I50+((N50*I50)/100) -> 22844857 | P50: =H50 -> 20221836 | Q50: =ABS((O50-H50)/H50)*100 -> 12.971226 | V50: =(O50-P50) -> 2623020.2
B51: 6. Idul Fitri II | C51: Sunday, Apr 11 | D51: 23254492 | E51: 25535228 | F51: 22107167 | G51: 20221836 | H51: 20717923 | I51: 22779681 | J51: -9.0508644 | K51: -2.6012736 | L51: -6.4495908 | M51: -12 | N51: =M51+K51 -> -14.601274 | O51: =I51+((N51*I51)/100) -> 19453557 | P51: =H51 -> 20717923 | Q51: =ABS((O51-H51)/H51)*100 -> 6.1027619 | V51: =(O51-P51) -> -1264365.5
A52: Christian Holidays | B52: 1. Good Friday | C52: Friday, Mar 29 | D52: 33264637 | E52: 31685394 | F52: 32736843 | G52: 31201640 | H52: 25986092 | I52: 32222128 | J52: -19.353274 | K52: -10.471502 | L52: -8.8817713 | M52: -14.3108 | N52: =M52+K52 -> -24.782302 | O52: =I52+((N52*I52)/100) -> 24236743 | P52: =H52 -> 25986092 | Q52: =ABS((O52-H52)/H52)*100 -> 6.7318649 | V52: =(O52-P52) -> -1749348.6
B53: 2. Ascension Day | C53: Thursday, May 09 | D53: 28258348 | E53: 30515259 | F53: 30187192 | G53: 28987478 | H53: 26009815 | I53: 29487069 | J53: -11.792473 | K53: -8.2612614 | L53: -3.5312117 | M53: -7.3342 | N53: =M53+K53 -> -15.595461 | O53: =I53+((N53*I53)/100) -> 24888425 | P53: =H53 -> 26009815 | Q53: =ABS((O53-H53)/H53)*100 -> 4.3114102 | V53: =(O53-P53) -> -1121389.8
B54: 3. Christmas | C54: Monday, Dec 25 | D54: 32988766 | E54: 31713502 | F54: 30089571 | G54: 23894817 | H54: 24792649 | I54: 29671664 | J54: -16.443348 | K54: -12.100568 | L54: -4.3427803 | M54: 0 | N54: =M54+K54 -> -12.100568 | O54: =I54+((N54*I54)/100) -> 26081224 | P54: =H54 -> 24792649 | Q54: =ABS((O54-H54)/H54)*100 -> 5.1974083 | V54: =(O54-P54) -> 1288575.2
A55: Hindu, Buddhist, | B55: 1. Silent Day (Nyepi) | C55: Monday, Mar 11 | D55: 32770228 | E55: 30045391 | F55: 28826716 | G55: 22574331 | H55: 23546634 | I55: 28554167 | J55: -17.536958 | K55: -4.1531217 | L55: -13.383836 | M55: -14.2233 | N55: =M55+K55 -> -18.376422 | O55: =I55+((N55*I55)/100) -> 23306932 | P55: =H55 -> 23546634 | Q55: =ABS((O55-H55)/H55)*100 -> 1.0179883 | V55: =(O55-P55) -> -239701.99
A56: and Chinese Holidays | B56: 2. Chinese New Year (Imlek) | C56: Saturday, Feb 10 | D56: 31781409 | E56: 29018457 | F56: 23904977 | G56: 24557871 | H56: 22710129 | I56: 27315679 | J56: -16.860463 | K56: -14.729437 | L56: -2.1310256 | M56: -6 | N56: =M56+K56 -> -20.729437 | O56: =I56+((N56*I56)/100) -> 21653292 | P56: =H56 -> 22710129 | Q56: =ABS((O56-H56)/H56)*100 -> 4.6535914 | V56: =(O56-P56) -> -1056836.6
B57: 3.Waisak | C57: Thursday, May 23 | D57: 23174758 | E57: 30251429 | F57: 29853482 | G57: 29008794 | H57: 25031136 | I57: 28072116 | J57: -10.832742 | K57: -6.7678605 | L57: -4.0648817 | M57: 0 | N57: =M57+K57 -> -6.7678605 | O57: =I57+((N57*I57)/100) -> 26172234 | P57: =H57 -> 25031136 | Q57: =ABS((O57-H57)/H57)*100 -> 4.5587156 | V57: =(O57-P57) -> 1141098.3
P58: MAPE | Q58: =SUM(Q44:Q57)/14 -> 6.2394154 | R58: RMSE | S58: =SQRT(SUMXMY2(O44:O57, P44:P57) / COUNT(P44:P57)) -> 1657406.7 | T58: R2 | U58: =RSQ(O44:O57,P44:P57) -> 0.35070438 | V58: MAE | W58: {=AVERAGE(ABS(V44:V57))} -> 1484681.6 | X58: {=SUMPRODUCT(ABS(O44:O57 - P44:P57)) / COUNT(O44:O57)} -> 1484681.6
A60: Forecasting using IT2FIS-Firefly Algorithm
A61: Category | B61: Special Holiday | C61: Day / Date | D61: Day | I61: WDMAX | J61: LDMAX | K61: TLDMAX | L61: VLDMAX | M61: Output | N61: Forecast | O61: Peramalan | P61: Aktual | Q61: Error
D62: H-4 (Wh) | E62: H-3 (Wh) | F62: H-2 (Wh) | G62: H-1 (Wh) | H62: H (Wh) | M62: Forecast | N62: LDMAX | O62: P'MAX(Watthours) | P62: (Watthours) | Q62: (%)
A63: General Holidays | B63: 1. New Year | C63: Monday, Jan 01 | D63: 31962075 | E63: 31389832 | F63: 30887111 | G63: 27674659 | H63: 25001165 | I63: 30478419 | J63: -17.970926 | K63: -8.0090081 | L63: -9.9619177 | M63: -13.65 | N63: =M63+K63 -> -21.659008 | O63: =I63+((N63*I63)/100) -> 23877096 | P63: =H63 -> 25001165 | Q63: =ABS((O63-H63)/H63)*100 -> 4.4960672 | V63: =(O63-P63) -> -1124069.2
B64: 2. Independence Day | C64: Saturday, Aug 17 | D64: 27235140 | E64: 28261723 | F64: 29261318 | G64: 25243722 | H64: 24512818 | I64: 27500476 | J64: -10.864023 | K64: -7.2588762 | L64: -3.6051464 | M64: -8.627 | N64: =M64+K64 -> -15.885876 | O64: =I64+((N64*I64)/100) -> 23131784 | P64: =H64 -> 24512818 | Q64: =ABS((O64-H64)/H64)*100 -> 5.6339244 | V64: =(O64-P64) -> -1381033.6
A65: Islamic Holidays | B65: 1. Idul Adha | C65: Monday, Jun 17 | D65: 31957263 | E65: 31021032 | F65: 30016114 | G65: 25024126 | H65: 24126175 | I65: 29504634 | J65: -18.229199 | K65: -9.65528 | L65: -8.5739194 | M65: 0 | N65: =M65+K65 -> -9.65528 | O65: =I65+((N65*I65)/100) -> 26655879 | P65: =H65 -> 24126175 | Q65: =ABS((O65-H65)/H65)*100 -> 10.485307 | V65: =(O65-P65) -> 2529703.5
B66: 2. Islamic New Year | C66: Sunday, Jul 07 | D66: 30050153 | E66: 26598716 | F66: 26845796 | G66: 27003129 | H66: 25429719 | I66: 27624448 | J66: -7.9448821 | K66: -4.1994223 | L66: -3.7454598 | M66: -11.9474 | N66: =M66+K66 -> -16.146822 | O66: =I66+((N66*I66)/100) -> 23163978 | P66: =H66 -> 25429719 | Q66: =ABS((O66-H66)/H66)*100 -> 8.9098145 | V66: =(O66-P66) -> -2265740.7
B67: 3. Maulid | C67: Monday, Sep 16 | D67: 30101526 | E67: 28313129 | F67: 28015138 | G67: 24826248 | H67: 24516279 | I67: 27814010 | J67: -11.856368 | K67: -7.4351604 | L67: -4.421208 | M67: -13.65 | N67: =M67+K67 -> -21.08516 | O67: =I67+((N67*I67)/100) -> 21949382 | P67: =H67 -> 24516279 | Q67: =ABS((O67-H67)/H67)*100 -> 10.470174 | V67: =(O67-P67) -> -2566897.2
B68: 4. Isra Mi'raj | C68: Thursday, Feb 08 | D68: 22303983 | E68: 29489179 | F68: 31781409 | G68: 29018457 | H68: 23904977 | I68: 28148257 | J68: -15.074752 | K68: -3.0757634 | L68: -11.998988 | M68: -10.5 | N68: =M68+K68 -> -13.575763 | O68: =I68+((N68*I68)/100) -> 24326916 | P68: =H68 -> 23904977 | Q68: =ABS((O68-H68)/H68)*100 -> 1.7650677 | V68: =(O68-P68) -> 421939.04
B69: 5. Idul Fitri I | C69: Saturday, Apr 10 | D69: 28929860 | E69: 23254492 | F69: 25535228 | G69: 22107167 | H69: 20221836 | I69: 24956687 | J69: -18.972272 | K69: -8.4619821 | L69: -10.51029 | M69: 0 | N69: =M69+K69 -> -8.4619821 | O69: =I69+((N69*I69)/100) -> 22844857 | P69: =H69 -> 20221836 | Q69: =ABS((O69-H69)/H69)*100 -> 12.971226 | V69: =(O69-P69) -> 2623020.2
B70: 6. Idul Fitri II | C70: Sunday, Apr 11 | D70: 23254492 | E70: 25535228 | F70: 22107167 | G70: 20221836 | H70: 20717923 | I70: 22779681 | J70: -9.0508644 | K70: -2.6012736 | L70: -6.4495908 | M70: -12 | N70: =M70+K70 -> -14.601274 | O70: =I70+((N70*I70)/100) -> 19453557 | P70: =H70 -> 20717923 | Q70: =ABS((O70-H70)/H70)*100 -> 6.1027619 | V70: =(O70-P70) -> -1264365.5
A71: Christian Holidays | B71: 1. Good Friday | C71: Friday, Mar 29 | D71: 33264637 | E71: 31685394 | F71: 32736843 | G71: 31201640 | H71: 25986092 | I71: 32222128 | J71: -19.353274 | K71: -10.471502 | L71: -8.8817713 | M71: -14.277 | N71: =M71+K71 -> -24.748502 | O71: =I71+((N71*I71)/100) -> 24247634 | P71: =H71 -> 25986092 | Q71: =ABS((O71-H71)/H71)*100 -> 6.6899537 | V71: =(O71-P71) -> -1738457.5
B72: 2. Ascension Day | C72: Thursday, May 09 | D72: 28258348 | E72: 30515259 | F72: 30187192 | G72: 28987478 | H72: 26009815 | I72: 29487069 | J72: -11.792473 | K72: -8.2612614 | L72: -3.5312117 | M72: -7.3463 | N72: =M72+K72 -> -15.607561 | O72: =I72+((N72*I72)/100) -> 24884857 | P72: =H72 -> 26009815 | Q72: =ABS((O72-H72)/H72)*100 -> 4.3251279 | V72: =(O72-P72) -> -1124957.7
B73: 3. Christmas | C73: Monday, Dec 25 | D73: 32988766 | E73: 31713502 | F73: 30089571 | G73: 23894817 | H73: 24792649 | I73: 29671664 | J73: -16.443348 | K73: -12.100568 | L73: -4.3427803 | M73: 0 | N73: =M73+K73 -> -12.100568 | O73: =I73+((N73*I73)/100) -> 26081224 | P73: =H73 -> 24792649 | Q73: =ABS((O73-H73)/H73)*100 -> 5.1974083 | V73: =(O73-P73) -> 1288575.2
A74: Hindu, Buddhist, | B74: 1. Silent Day (Nyepi) | C74: Monday, Mar 11 | D74: 32770228 | E74: 30045391 | F74: 28826716 | G74: 22574331 | H74: 23546634 | I74: 28554167 | J74: -17.536958 | K74: -4.1531217 | L74: -13.383836 | M74: -14.1039 | N74: =M74+K74 -> -18.257022 | O74: =I74+((N74*I74)/100) -> 23341026 | P74: =H74 -> 23546634 | Q74: =ABS((O74-H74)/H74)*100 -> 0.8731962 | V74: =(O74-P74) -> -205608.32
A75: and Chinese Holidays | B75: 2. Chinese New Year (Imlek) | C75: Saturday, Feb 10 | D75: 31781409 | E75: 29018457 | F75: 23904977 | G75: 24557871 | H75: 22710129 | I75: 27315679 | J75: -16.860463 | K75: -14.729437 | L75: -2.1310256 | M75: -6 | N75: =M75+K75 -> -20.729437 | O75: =I75+((N75*I75)/100) -> 21653292 | P75: =H75 -> 22710129 | Q75: =ABS((O75-H75)/H75)*100 -> 4.6535914 | V75: =(O75-P75) -> -1056836.6
B76: 3.Waisak | C76: Thursday, May 23 | D76: 23174758 | E76: 30251429 | F76: 29853482 | G76: 29008794 | H76: 25031136 | I76: 28072116 | J76: -10.832742 | K76: -6.7678605 | L76: -4.0648817 | M76: 0 | N76: =M76+K76 -> -6.7678605 | O76: =I76+((N76*I76)/100) -> 26172234 | P76: =H76 -> 25031136 | Q76: =ABS((O76-H76)/H76)*100 -> 4.5587156 | V76: =(O76-P76) -> 1141098.3
P77: MAPE | Q77: =SUM(Q63:Q76)/14 -> 6.2237383 | R77: RMSE | S77: =SQRT(SUMXMY2(O63:O76, P63:P76) / COUNT(P63:P76)) -> 1655274.9 | T77: R2 | U77: =RSQ(O63:O76,P63:P76) -> 0.35132315 | V77: MAE | W77: {=AVERAGE(ABS(V63:V76))} -> 1480878.8 | X77: {=SUMPRODUCT(ABS(O63:O76 - P63:P76)) / COUNT(O63:O76)} -> 1480878.8
A79: Forecasting using IT2FIS-ZOA
A80: Category | B80: Special Holiday | C80: Day / Date | D80: Day | I80: WDMAX | J80: LDMAX | K80: TLDMAX | L80: VLDMAX | M80: Output | N80: Forecast | O80: Peramalan | P80: Aktual | Q80: Error
D81: H-4 (Wh) | E81: H-3 (Wh) | F81: H-2 (Wh) | G81: H-1 (Wh) | H81: H (Wh) | M81: Forecast | N81: LDMAX | O81: P'MAX(Watthours) | P81: (Watthours) | Q81: (%)
A82: General Holidays | B82: 1. New Year | C82: Monday, Jan 01 | D82: 31962075 | E82: 31389832 | F82: 30887111 | G82: 27674659 | H82: 25001165 | I82: 30478419 | J82: -17.970926 | K82: -8.0090081 | L82: -9.9619177 | M82: -13.65 | N82: =M82+K82 -> -21.659008 | O82: =I82+((N82*I82)/100) -> 23877096 | P82: =H82 -> 25001165 | Q82: =ABS((O82-H82)/H82)*100 -> 4.4960672 | V82: =(O82-P82) -> -1124069.2
B83: 2. Independence Day | C83: Saturday, Aug 17 | D83: 27235140 | E83: 28261723 | F83: 29261318 | G83: 25243722 | H83: 24512818 | I83: 27500476 | J83: -10.864023 | K83: -7.2588762 | L83: -3.6051464 | M83: -8.627 | N83: =M83+K83 -> -15.885876 | O83: =I83+((N83*I83)/100) -> 23131784 | P83: =H83 -> 24512818 | Q83: =ABS((O83-H83)/H83)*100 -> 5.6339244 | V83: =(O83-P83) -> -1381033.6
A84: Islamic Holidays | B84: 1. Idul Adha | C84: Monday, Jun 17 | D84: 31957263 | E84: 31021032 | F84: 30016114 | G84: 25024126 | H84: 24126175 | I84: 29504634 | J84: -18.229199 | K84: -9.65528 | L84: -8.5739194 | M84: 0 | N84: =M84+K84 -> -9.65528 | O84: =I84+((N84*I84)/100) -> 26655879 | P84: =H84 -> 24126175 | Q84: =ABS((O84-H84)/H84)*100 -> 10.485307 | V84: =(O84-P84) -> 2529703.5
B85: 2. Islamic New Year | C85: Sunday, Jul 07 | D85: 30050153 | E85: 26598716 | F85: 26845796 | G85: 27003129 | H85: 25429719 | I85: 27624448 | J85: -7.9448821 | K85: -4.1994223 | L85: -3.7454598 | M85: -11.9858 | N85: =M85+K85 -> -16.185222 | O85: =I85+((N85*I85)/100) -> 23153370 | P85: =H85 -> 25429719 | Q85: =ABS((O85-H85)/H85)*100 -> 8.9515286 | V85: =(O85-P85) -> -2276348.5
B86: 3. Maulid | C86: Monday, Sep 16 | D86: 30101526 | E86: 28313129 | F86: 28015138 | G86: 24826248 | H86: 24516279 | I86: 27814010 | J86: -11.856368 | K86: -7.4351604 | L86: -4.421208 | M86: -13.65 | N86: =M86+K86 -> -21.08516 | O86: =I86+((N86*I86)/100) -> 21949382 | P86: =H86 -> 24516279 | Q86: =ABS((O86-H86)/H86)*100 -> 10.470174 | V86: =(O86-P86) -> -2566897.2
B87: 4. Isra Mi'raj | C87: Thursday, Feb 08 | D87: 22303983 | E87: 29489179 | F87: 31781409 | G87: 29018457 | H87: 23904977 | I87: 28148257 | J87: -15.074752 | K87: -3.0757634 | L87: -11.998988 | M87: -10.5 | N87: =M87+K87 -> -13.575763 | O87: =I87+((N87*I87)/100) -> 24326916 | P87: =H87 -> 23904977 | Q87: =ABS((O87-H87)/H87)*100 -> 1.7650677 | V87: =(O87-P87) -> 421939.04
B88: 5. Idul Fitri I | C88: Saturday, Apr 10 | D88: 28929860 | E88: 23254492 | F88: 25535228 | G88: 22107167 | H88: 20221836 | I88: 24956687 | J88: -18.972272 | K88: -8.4619821 | L88: -10.51029 | M88: 0 | N88: =M88+K88 -> -8.4619821 | O88: =I88+((N88*I88)/100) -> 22844857 | P88: =H88 -> 20221836 | Q88: =ABS((O88-H88)/H88)*100 -> 12.971226 | V88: =(O88-P88) -> 2623020.2
B89: 6. Idul Fitri II | C89: Sunday, Apr 11 | D89: 23254492 | E89: 25535228 | F89: 22107167 | G89: 20221836 | H89: 20717923 | I89: 22779681 | J89: -9.0508644 | K89: -2.6012736 | L89: -6.4495908 | M89: -12 | N89: =M89+K89 -> -14.601274 | O89: =I89+((N89*I89)/100) -> 19453557 | P89: =H89 -> 20717923 | Q89: =ABS((O89-H89)/H89)*100 -> 6.1027619 | V89: =(O89-P89) -> -1264365.5
A90: Christian Holidays | B90: 1. Good Friday | C90: Friday, Mar 29 | D90: 33264637 | E90: 31685394 | F90: 32736843 | G90: 31201640 | H90: 25986092 | I90: 32222128 | J90: -19.353274 | K90: -10.471502 | L90: -8.8817713 | M90: -14.2835 | N90: =M90+K90 -> -24.755002 | O90: =I90+((N90*I90)/100) -> 24245540 | P90: =H90 -> 25986092 | Q90: =ABS((O90-H90)/H90)*100 -> 6.6980136 | V90: =(O90-P90) -> -1740551.9
B91: 2. Ascension Day | C91: Thursday, May 09 | D91: 28258348 | E91: 30515259 | F91: 30187192 | G91: 28987478 | H91: 26009815 | I91: 29487069 | J91: -11.792473 | K91: -8.2612614 | L91: -3.5312117 | M91: -7.2103 | N91: =M91+K91 -> -15.471561 | O91: =I91+((N91*I91)/100) -> 24924959 | P91: =H91 -> 26009815 | Q91: =ABS((O91-H91)/H91)*100 -> 4.170946 | V91: =(O91-P91) -> -1084855.3
B92: 3. Christmas | C92: Monday, Dec 25 | D92: 32988766 | E92: 31713502 | F92: 30089571 | G92: 23894817 | H92: 24792649 | I92: 29671664 | J92: -16.443348 | K92: -12.100568 | L92: -4.3427803 | M92: 0 | N92: =M92+K92 -> -12.100568 | O92: =I92+((N92*I92)/100) -> 26081224 | P92: =H92 -> 24792649 | Q92: =ABS((O92-H92)/H92)*100 -> 5.1974083 | V92: =(O92-P92) -> 1288575.2
A93: Hindu, Buddhist, | B93: 1. Silent Day (Nyepi) | C93: Monday, Mar 11 | D93: 32770228 | E93: 30045391 | F93: 28826716 | G93: 22574331 | H93: 23546634 | I93: 28554167 | J93: -17.536958 | K93: -4.1531217 | L93: -13.383836 | M93: -14.2132 | N93: =M93+K93 -> -18.366322 | O93: =I93+((N93*I93)/100) -> 23309816 | P93: =H93 -> 23546634 | Q93: =ABS((O93-H93)/H93)*100 -> 1.0057404 | V93: =(O93-P93) -> -236818.02
A94: and Chinese Holidays | B94: 2. Chinese New Year (Imlek) | C94: Saturday, Feb 10 | D94: 31781409 | E94: 29018457 | F94: 23904977 | G94: 24557871 | H94: 22710129 | I94: 27315679 | J94: -16.860463 | K94: -14.729437 | L94: -2.1310256 | M94: -6 | N94: =M94+K94 -> -20.729437 | O94: =I94+((N94*I94)/100) -> 21653292 | P94: =H94 -> 22710129 | Q94: =ABS((O94-H94)/H94)*100 -> 4.6535914 | V94: =(O94-P94) -> -1056836.6
B95: 3.Waisak | C95: Thursday, May 23 | D95: 23174758 | E95: 30251429 | F95: 29853482 | G95: 29008794 | H95: 25031136 | I95: 28072116 | J95: -10.832742 | K95: -6.7678605 | L95: -4.0648817 | M95: 0 | N95: =M95+K95 -> -6.7678605 | O95: =I95+((N95*I95)/100) -> 26172234 | P95: =H95 -> 25031136 | Q95: =ABS((O95-H95)/H95)*100 -> 4.5587156 | V95: =(O95-P95) -> 1141098.3
P96: MAPE | Q96: =SUM(Q82:Q95)/14 -> 6.2257481 | R96: RMSE | S96: =SQRT(SUMXMY2(O82:O95, P82:P95) / COUNT(P82:P95)) -> 1654857.5 | T96: R2 | U96: =RSQ(O82:O95,P82:P95) -> 0.35241495 | V96: MAE | W96: {=AVERAGE(ABS(V82:V95))} -> 1481150.9 | X96: {=SUMPRODUCT(ABS(O82:O95 - P82:P95)) / COUNT(O82:O95)} -> 1481150.9
A99: Forecasting using IT2FIS-Orangutan Optimization Algorithm (OOA)
A100: Category | B100: Special Holiday | C100: Day / Date | D100: Day | I100: WDMAX | J100: LDMAX | K100: TLDMAX | L100: VLDMAX | M100: Output | N100: Forecast | O100: Peramalan | P100: Aktual | Q100: Error
D101: H-4 (Wh) | E101: H-3 (Wh) | F101: H-2 (Wh) | G101: H-1 (Wh) | H101: H (Wh) | M101: Forecast | N101: LDMAX | O101: P'MAX(Watthours) | P101: (Watthours) | Q101: (%)
A102: General Holidays | B102: 1. New Year | C102: Monday, Jan 01 | D102: 31962075 | E102: 31389832 | F102: 30887111 | G102: 27674659 | H102: 25001165 | I102: 30478419 | J102: -17.970926 | K102: -8.0090081 | L102: -9.9619177 | M102: -13.65 | N102: =M102+K102 -> -21.659008 | O102: =I102+((N102*I102)/100) -> 23877096 | P102: =H102 -> 25001165 | Q102: =ABS((O102-H102)/H102)*100 -> 4.4960672 | V102: =(O102-P102) -> -1124069.2
B103: 2. Independence Day | C103: Saturday, Aug 17 | D103: 27235140 | E103: 28261723 | F103: 29261318 | G103: 25243722 | H103: 24512818 | I103: 27500476 | J103: -10.864023 | K103: -7.2588762 | L103: -3.6051464 | M103: -8.627 | N103: =M103+K103 -> -15.885876 | O103: =I103+((N103*I103)/100) -> 23131784 | P103: =H103 -> 24512818 | Q103: =ABS((O103-H103)/H103)*100 -> 5.6339244 | V103: =(O103-P103) -> -1381033.6
A104: Islamic Holidays | B104: 1. Idul Adha | C104: Monday, Jun 17 | D104: 31957263 | E104: 31021032 | F104: 30016114 | G104: 25024126 | H104: 24126175 | I104: 29504634 | J104: -18.229199 | K104: -9.65528 | L104: -8.5739194 | M104: 0 | N104: =M104+K104 -> -9.65528 | O104: =I104+((N104*I104)/100) -> 26655879 | P104: =H104 -> 24126175 | Q104: =ABS((O104-H104)/H104)*100 -> 10.485307 | V104: =(O104-P104) -> 2529703.5
B105: 2. Islamic New Year | C105: Sunday, Jul 07 | D105: 30050153 | E105: 26598716 | F105: 26845796 | G105: 27003129 | H105: 25429719 | I105: 27624448 | J105: -7.9448821 | K105: -4.1994223 | L105: -3.7454598 | M105: -11.9869 | N105: =M105+K105 -> -16.186322 | O105: =I105+((N105*I105)/100) -> 23153066 | P105: =H105 -> 25429719 | Q105: =ABS((O105-H105)/H105)*100 -> 8.9527236 | V105: =(O105-P105) -> -2276652.4
B106: 3. Maulid | C106: Monday, Sep 16 | D106: 30101526 | E106: 28313129 | F106: 28015138 | G106: 24826248 | H106: 24516279 | I106: 27814010 | J106: -11.856368 | K106: -7.4351604 | L106: -4.421208 | M106: -13.65 | N106: =M106+K106 -> -21.08516 | O106: =I106+((N106*I106)/100) -> 21949382 | P106: =H106 -> 24516279 | Q106: =ABS((O106-H106)/H106)*100 -> 10.470174 | V106: =(O106-P106) -> -2566897.2
B107: 4. Isra Mi'raj | C107: Thursday, Feb 08 | D107: 22303983 | E107: 29489179 | F107: 31781409 | G107: 29018457 | H107: 23904977 | I107: 28148257 | J107: -15.074752 | K107: -3.0757634 | L107: -11.998988 | M107: -10.798 | N107: =M107+K107 -> -13.873763 | O107: =I107+((N107*I107)/100) -> 24243035 | P107: =H107 -> 23904977 | Q107: =ABS((O107-H107)/H107)*100 -> 1.4141709 | V107: =(O107-P107) -> 338057.24
...

Sheet Result VLD 2024
B1: RESULT FORCASTING VLD TAHUN 2024
B3: Type-1 | E3: IT2-FIS | H3: IT2FIS-CSA | K3: IT2FIS-FA | N3: IT2FIS-ZOA | Q3: IT2FIS-OOA
B4: Actual | C4: Forecast | D4: Error | E4: Actual | F4: Forecast | G4: Error | H4: Actual | I4: Forecast | J4: Error | K4: Actual | L4: Forecast | M4: Error | N4: Actual | O4: Forecast | P4: Error | Q4: Actual | R4: Forecast | S4: Error
B5: ='2024a'!L6 -> -9.9619177 | C5: ='2024a'!M6 -> -13.7527 | D5: =ABS(B5-C5) -> 3.7907823 | E5: ='2024a'!L25 -> -9.9619177 | F5: ='2024a'!M25 -> -13.65 | G5: =ABS(E5-F5) -> 3.6880823 | H5: ='2024a'!L44 -> -9.9619177 | I5: ='2024a'!M44 -> -13.65 | J5: =ABS(H5-I5) -> 3.6880823 | K5: ='2024a'!L63 -> -9.9619177 | L5: ='2024a'!M63 -> -13.65 | M5: =ABS(K5-L5) -> 3.6880823 | N5: ='2024a'!L82 -> -9.9619177 | O5: ='2024a'!M82 -> -13.65 | P5: =ABS(N5-O5) -> 3.6880823 | Q5: ='2024a'!L102 -> -9.9619177 | R5: ='2024a'!M102 -> -13.65 | S5: =ABS(Q5-R5) -> 3.6880823
B6: ='2024a'!L7 -> -3.6051464 | C6: ='2024a'!M7 -> -8.627 | D6: =ABS(B6-C6) -> 5.0218536 | E6: ='2024a'!L26 -> -3.6051464 | F6: ='2024a'!M26 -> -8.627 | G6: =ABS(E6-F6) -> 5.0218536 | H6: ='2024a'!L45 -> -3.6051464 | I6: ='2024a'!M45 -> -8.627 | J6: =ABS(H6-I6) -> 5.0218536 | K6: ='2024a'!L64 -> -3.6051464 | L6: ='2024a'!M64 -> -8.627 | M6: =ABS(K6-L6) -> 5.0218536 | N6: ='2024a'!L83 -> -3.6051464 | O6: ='2024a'!M83 -> -8.627 | P6: =ABS(N6-O6) -> 5.0218536 | Q6: ='2024a'!L103 -> -3.6051464 | R6: ='2024a'!M103 -> -8.627 | S6: =ABS(Q6-R6) -> 5.0218536
B7: ='2024a'!L8 -> -8.5739194 | C7: ='2024a'!M8 -> 0 | D7: =ABS(B7-C7) -> 8.5739194 | E7: ='2024a'!L27 -> -8.5739194 | F7: ='2024a'!M27 -> 0 | G7: =ABS(E7-F7) -> 8.5739194 | H7: ='2024a'!L46 -> -8.5739194 | I7: ='2024a'!M46 -> 0 | J7: =ABS(H7-I7) -> 8.5739194 | K7: ='2024a'!L65 -> -8.5739194 | L7: ='2024a'!M65 -> 0 | M7: =ABS(K7-L7) -> 8.5739194 | N7: ='2024a'!L84 -> -8.5739194 | O7: ='2024a'!M84 -> 0 | P7: =ABS(N7-O7) -> 8.5739194 | Q7: ='2024a'!L104 -> -8.5739194 | R7: ='2024a'!M104 -> 0 | S7: =ABS(Q7-R7) -> 8.5739194
B8: ='2024a'!L9 -> -3.7454598 | C8: ='2024a'!M9 -> -12 | D8: =ABS(B8-C8) -> 8.2545402 | E8: ='2024a'!L28 -> -3.7454598 | F8: ='2024a'!M28 -> -12 | G8: =ABS(E8-F8) -> 8.2545402 | H8: ='2024a'!L47 -> -3.7454598 | I8: ='2024a'!M47 -> -11.9902 | J8: =ABS(H8-I8) -> 8.2447402 | K8: ='2024a'!L66 -> -3.7454598 | L8: ='2024a'!M66 -> -11.9474 | M8: =ABS(K8-L8) -> 8.2019402 | N8: ='2024a'!L85 -> -3.7454598 | O8: ='2024a'!M85 -> -11.9858 | P8: =ABS(N8-O8) -> 8.2403402 | Q8: ='2024a'!L105 -> -3.7454598 | R8: ='2024a'!M105 -> -11.9869 | S8: =ABS(Q8-R8) -> 8.2414402
B9: ='2024a'!L10 -> -4.421208 | C9: ='2024a'!M10 -> -13.6634 | D9: =ABS(B9-C9) -> 9.242192 | E9: ='2024a'!L29 -> -4.421208 | F9: ='2024a'!M29 -> -13.65 | G9: =ABS(E9-F9) -> 9.228792 | H9: ='2024a'!L48 -> -4.421208 | I9: ='2024a'!M48 -> -13.65 | J9: =ABS(H9-I9) -> 9.228792 | K9: ='2024a'!L67 -> -4.421208 | L9: ='2024a'!M67 -> -13.65 | M9: =ABS(K9-L9) -> 9.228792 | N9: ='2024a'!L86 -> -4.421208 | O9: ='2024a'!M86 -> -13.65 | P9: =ABS(N9-O9) -> 9.228792 | Q9: ='2024a'!L106 -> -4.421208 | R9: ='2024a'!M106 -> -13.65 | S9: =ABS(Q9-R9) -> 9.228792
B10: ='2024a'!L11 -> -11.998988 | C10: ='2024a'!M11 -> -10.9342 | D10: =ABS(B10-C10) -> 1.0647882 | E10: ='2024a'!L30 -> -11.998988 | F10: ='2024a'!M30 -> -10.5 | G10: =ABS(E10-F10) -> 1.4989882 | H10: ='2024a'!L49 -> -11.998988 | I10: ='2024a'!M49 -> -10.5 | J10: =ABS(H10-I10) -> 1.4989882 | K10: ='2024a'!L68 -> -11.998988 | L10: ='2024a'!M68 -> -10.5 | M10: =ABS(K10-L10) -> 1.4989882 | N10: ='2024a'!L87 -> -11.998988 | O10: ='2024a'!M87 -> -10.5 | P10: =ABS(N10-O10) -> 1.4989882 | Q10: ='2024a'!L107 -> -11.998988 | R10: ='2024a'!M107 -> -10.798 | S10: =ABS(Q10-R10) -> 1.2009882
B11: ='2024a'!L12 -> -10.51029 | C11: ='2024a'!M12 -> 0 | D11: =ABS(B11-C11) -> 10.51029 | E11: ='2024a'!L31 -> -10.51029 | F11: ='2024a'!M31 -> 0 | G11: =ABS(E11-F11) -> 10.51029 | H11: ='2024a'!L50 -> -10.51029 | I11: ='2024a'!M50 -> 0 | J11: =ABS(H11-I11) -> 10.51029 | K11: ='2024a'!L69 -> -10.51029 | L11: ='2024a'!M69 -> 0 | M11: =ABS(K11-L11) -> 10.51029 | N11: ='2024a'!L88 -> -10.51029 | O11: ='2024a'!M88 -> 0 | P11: =ABS(N11-O11) -> 10.51029 | Q11: ='2024a'!L108 -> -10.51029 | R11: ='2024a'!M108 -> 0 | S11: =ABS(Q11-R11) -> 10.51029
B12: ='2024a'!L13 -> -6.4495908 | C12: ='2024a'!M13 -> -12 | D12: =ABS(B12-C12) -> 5.5504092 | E12: ='2024a'!L32 -> -6.4495908 | F12: ='2024a'!M32 -> -12 | G12: =ABS(E12-F12) -> 5.5504092 | H12: ='2024a'!L51 -> -6.4495908 | I12: ='2024a'!M51 -> -12 | J12: =ABS(H12-I12) -> 5.5504092 | K12: ='2024a'!L70 -> -6.4495908 | L12: ='2024a'!M70 -> -12 | M12: =ABS(K12-L12) -> 5.5504092 | N12: ='2024a'!L89 -> -6.4495908 | O12: ='2024a'!M89 -> -12 | P12: =ABS(N12-O12) -> 5.5504092 | Q12: ='2024a'!L109 -> -6.4495908 | R12: ='2024a'!M109 -> -12 | S12: =ABS(Q12-R12) -> 5.5504092
B13: ='2024a'!L14 -> -8.8817713 | C13: ='2024a'!M14 -> -14.0608 | D13: =ABS(B13-C13) -> 5.1790287 | E13: ='2024a'!L33 -> -8.8817713 | F13: ='2024a'!M33 -> -14.2775 | G13: =ABS(E13-F13) -> 5.3957287 | H13: ='2024a'!L52 -> -8.8817713 | I13: ='2024a'!M52 -> -14.3108 | J13: =ABS(H13-I13) -> 5.4290287 | K13: ='2024a'!L71 -> -8.8817713 | L13: ='2024a'!M71 -> -14.277 | M13: =ABS(K13-L13) -> 5.3952287 | N13: ='2024a'!L90 -> -8.8817713 | O13: ='2024a'!M90 -> -14.2835 | P13: =ABS(N13-O13) -> 5.4017287 | Q13: ='2024a'!L110 -> -8.8817713 | R13: ='2024a'!M110 -> -14.2682 | S13: =ABS(Q13-R13) -> 5.3864287
B14: ='2024a'!L15 -> -3.5312117 | C14: ='2024a'!M15 -> -7.9569 | D14: =ABS(B14-C14) -> 4.4256883 | E14: ='2024a'!L34 -> -3.5312117 | F14: ='2024a'!M34 -> -7.3544 | G14: =ABS(E14-F14) -> 3.8231883 | H14: ='2024a'!L53 -> -3.5312117 | I14: ='2024a'!M53 -> -7.3342 | J14: =ABS(H14-I14) -> 3.8029883 | K14: ='2024a'!L72 -> -3.5312117 | L14: ='2024a'!M72 -> -7.3463 | M14: =ABS(K14-L14) -> 3.8150883 | N14: ='2024a'!L91 -> -3.5312117 | O14: ='2024a'!M91 -> -7.2103 | P14: =ABS(N14-O14) -> 3.6790883 | Q14: ='2024a'!L111 -> -3.5312117 | R14: ='2024a'!M111 -> -7.2055 | S14: =ABS(Q14-R14) -> 3.6742883
B15: ='2024a'!L16 -> -4.3427803 | C15: ='2024a'!M16 -> 0 | D15: =ABS(B15-C15) -> 4.3427803 | E15: ='2024a'!L35 -> -4.3427803 | F15: ='2024a'!M35 -> 0 | G15: =ABS(E15-F15) -> 4.3427803 | H15: ='2024a'!L54 -> -4.3427803 | I15: ='2024a'!M54 -> 0 | J15: =ABS(H15-I15) -> 4.3427803 | K15: ='2024a'!L73 -> -4.3427803 | L15: ='2024a'!M73 -> 0 | M15: =ABS(K15-L15) -> 4.3427803 | N15: ='2024a'!L92 -> -4.3427803 | O15: ='2024a'!M92 -> 0 | P15: =ABS(N15-O15) -> 4.3427803 | Q15: ='2024a'!L112 -> -4.3427803 | R15: ='2024a'!M112 -> 0 | S15: =ABS(Q15-R15) -> 4.3427803
B16: ='2024a'!L17 -> -13.383836 | C16: ='2024a'!M17 -> -14.0186 | D16: =ABS(B16-C16) -> 0.63476415 | E16: ='2024a'!L36 -> -13.383836 | F16: ='2024a'!M36 -> -14.2091 | G16: =ABS(E16-F16) -> 0.82526415 | H16: ='2024a'!L55 -> -13.383836 | I16: ='2024a'!M55 -> -14.2233 | J16: =ABS(H16-I16) -> 0.83946415 | K16: ='2024a'!L74 -> -13.383836 | L16: ='2024a'!M74 -> -14.1039 | M16: =ABS(K16-L16) -> 0.72006415 | N16: ='2024a'!L93 -> -13.383836 | O16: ='2024a'!M93 -> -14.2132 | P16: =ABS(N16-O16) -> 0.82936415 | Q16: ='2024a'!L113 -> -13.383836 | R16: ='2024a'!M113 -> -14.1794 | S16: =ABS(Q16-R16) -> 0.79556415
... B18: ='2024a'!L19 -> -4.0648817 | C18: ='2024a'!M19 -> 0 | D18: =ABS(B18-C18) -> 4.0648817 | E18: ='2024a'!L38 -> -4.0648817 | F18: ='2024a'!M38 -> 0 | G18: =ABS(E18-F18) -> 4.0648817 | H18: ='2024a'!L57 -> -4.0648817 | I18: ='2024a'!M57 -> 0 | J18: =ABS(H18-I18) -> 4.0648817 | K18: ='2024a'!L76 -> -4.0648817 | L18: ='2024a'!M76 -> 0 | M18: =ABS(K18-L18) -> 4.0648817 | N18: ='2024a'!L95 -> -4.0648817 | O18: ='2024a'!M95 -> 0 | P18: =ABS(N18-O18) -> 4.0648817 | Q18: ='2024a'!L115 -> -4.0648817 | R18: ='2024a'!M115 -> 0 | S18: =ABS(Q18-R18) -> 4.0648817

Sheet VLD(x,y,z)2022
A1: Input (X,Y) dan output (Z) VLDMAX year 2022
A3: Category | B3: Special Holiday | D3: 2021 | E3: 2022 | F3: Input | H3: Output
D4: VLDMAX | E4: VLDMAX | F4: X | G4: Y | H4: Z
A5: General Holidays | B5: 1. New Year | D5: ='2021a'!L5 -> -0.37383879 | E5: ='2022a'!L5 -> -0.48006314 | F5: =D5 -> -0.37383879 | G5: =E6 -> -6.094273 | H5: =E5 -> -0.48006314
B6: 2. Independence Day | D6: ='2021a'!L6 -> -3.8646589 | E6: ='2022a'!L6 -> -6.094273 | F6: =D6 -> -3.8646589 | G6: =E5 -> -0.48006314 | H6: =E6 -> -6.094273
A7: Islamic Holidays | B7: 1. Idul Adha | D7: ='2021a'!L7 -> -2.3990196 | E7: ='2022a'!L7 -> -9.9893364 | F7: =D7 -> -2.3990196 | G7: =E12 -> -3.6756394 | H7: =E7 -> -9.9893364
B8: 2. Islamic New Year | D8: ='2021a'!L8 -> -0.44835353 | E8: ='2022a'!L8 -> -11.538678 | F8: =D8 -> -0.44835353 | G8: =E7 -> -9.9893364 | H8: =E8 -> -11.538678
B9: 3. Maulid | D9: ='2021a'!L9 -> -8.1964196 | E9: ='2022a'!L9 -> -10.187522 | F9: =D9 -> -8.1964196 | G9: =E8 -> -11.538678 | H9: =E9 -> -10.187522
B10: 4. Isra Mi'raj | D10: ='2021a'!L10 -> -5.5194506 | E10: ='2022a'!L10 -> -4.6052368 | F10: =D10 -> -5.5194506 | G10: =E9 -> -10.187522 | H10: =E10 -> -4.6052368
B11: 5. Idul Fitri I | D11: ='2021a'!L11 -> -4.9303841 | E11: ='2022a'!L11 -> -9.8900317 | F11: =D11 -> -4.9303841 | G11: =E10 -> -4.6052368 | H11: =E11 -> -9.8900317
B12: 6. Idul Fitri II | D12: ='2021a'!L12 -> -7.056827 | E12: ='2022a'!L12 -> -3.6756394 | F12: =D12 -> -7.056827 | G12: =E11 -> -9.8900317 | H12: =E12 -> -3.6756394
A13: Christian Holidays | B13: 1. Good Friday | D13: ='2021a'!L13 -> -9.8409322 | E13: ='2022a'!L13 -> -6.5432734 | F13: =D13 -> -9.8409322 | G13: =E14 -> -6.8268972 | H13: =E13 -> -6.5432734
B14: 2. Ascension Day | D14: ='2021a'!L14 -> 1.1225287 | E14: ='2022a'!L14 -> -6.8268972 | F14: =D14 -> 1.1225287 | G14: =E13 -> -6.5432734 | H14: =E14 -> -6.8268972
B15: 3. Christmas | D15: ='2021a'!L15 -> -13.795958 | E15: ='2022a'!L15 -> -4.0278267 | F15: =D15 -> -13.795958 | G15: =E14 -> -6.8268972 | H15: =E15 -> -4.0278267
A16: Hindu, Buddhist, | B16: 1. Silent Day (Nyepi) | D16: ='2021a'!L16 -> -6.0804868 | E16: ='2022a'!L16 -> 13.646953 | F16: =D16 -> -6.0804868 | G16: =E17 -> 9.5011013 | H16: =E16 -> 13.646953
A17: and Chinese Holidays | B17: 2. Chinese New Year (Imlek) | D17: ='2021a'!L17 -> 7.8761851 | E17: ='2022a'!L17 -> 9.5011013 | F17: =D17 -> 7.8761851 | G17: =E16 -> 13.646953 | H17: =E17 -> 9.5011013
B18: 3. Waisak | D18: ='2021a'!L18 -> 5.2214559 | E18: ='2022a'!L18 -> -6.9784191 | F18: =D18 -> 5.2214559 | G18: =E17 -> 9.5011013 | H18: =E18 -> -6.9784191
A22: Rule Base for Input X year 2022
A24: Category | B24: Special Holiday | C24: Value | D24: Membership Degree (μ) | O24: Rule
C25: X | D25: NVB | E25: NB | F25: NM | G25: NS | H25: NVS | I25: ZE | J25: PVS | K25: PS | L25: PM | M25: PB | N25: PVB | O25: X
A26: General Holidays | B26: 1. New Year | C26: =F5 -> -0.37383879 | H26: =-(C26)/3 -> 0.12461293 | I26: =(C26+3)/3 -> 0.87538707 | O26: ZE
B27: 2. Independence Day | C27: =F6 -> -3.8646589 | G27: =(-3-C27)/3 -> 0.28821964 | H27: =(C27+6)/3 -> 0.71178036 | O27: NVS
A28: Islamic Holidays | B28: 1. Idul Adha | C28: =F7 -> -2.3990196 | H28: =-(C28)/3 -> 0.79967319 | I28: =(C28+3)/3 -> 0.20032681 | O28: NVS
B29: 2. Islamic New Year | C29: =F8 -> -0.44835353 | H29: =-(C29)/3 -> 0.14945118 | I29: =(C29+3)/3 -> 0.85054882 | O29: ZE
B30: 3. Maulid | C30: =F9 -> -8.1964196 | F30: =(-6-(C30))/3 -> 0.73213987 | G30: =(C30+9)/3 -> 0.26786013 | O30: NM
B31: 4. Isra Mi'raj | C31: =F10 -> -5.5194506 | G31: =(-3-C31)/3 -> 0.83981686 | H31: =(C31+6)/3 -> 0.16018314 | O31: NS
B32: 5. Idul Fitri I | C32: =F11 -> -4.9303841 | G32: =(-3-C32)/3 -> 0.64346135 | H32: =(C32+6)/3 -> 0.35653865 | O32: NS
B33: 6. Idul Fitri II | C33: =F12 -> -7.056827 | F33: =(-6-(C33))/3 -> 0.35227566 | G33: =(C33+9)/3 -> 0.64772434 | O33: NS
A34: Christian Holidays | B34: 1. Good Friday | C34: =F13 -> -9.8409322 | E34: =(-9-C34)/3 -> 0.28031074 | F34: =(C34+12)/3 -> 0.71968926 | O34: NM
B35: 2. Ascension Day | C35: =F14 -> 1.1225287 | I35: =(3-C35)/3 -> 0.62582377 | J35: =C35/3 -> 0.37417623 | O35: ZE
B36: 3. Christmas | C36: =F15 -> -13.795958 | D36: =(-12-C36)/3 -> 0.59865251 | E36: =(C36+15)/3 -> 0.40134749 | O36: NVB
A37: Hindu, Buddhist, | B37: 1. Silent Day (Nyepi) | C37: =F16 -> -6.0804868 | F37: =(-6-(C37))/3 -> 0.026828934 | G37: =(C37+9)/3 -> 0.97317107 | O37: NS
A38: and Chinese Holidays | B38: 2. Chinese New Year (Imlek) | C38: =F17 -> 7.8761851 | K38: =(9-C38)/3 -> 0.37460498 | L38: =(C38-6)/3 -> 0.62539502 | O38: PM
B39: 3. Waisak | C39: =F18 -> 5.2214559 | J39: =(6-C39)/3 -> 0.25951469 | K39: =(C39-3)/3 -> 0.74048531 | O39: PS
A43: Rule Base for Input Y year 2022
A45: Category | B45: Special Holiday | C45: Value | D45: Membership Degree (μ) | O45: Rule
C46: Y | D46: NVB | E46: NB | F46: NM | G46: NS | H46: NVS | I46: ZE | J46: PVS | K46: PS | L46: PM | M46: PB | N46: PVB | O46: Y
A47: General Holidays | B47: 2. Independence Day | C47: =G5 -> -6.094273 | F47: =(-6-(C47))/3 -> 0.031424345 | G47: =(C47+9)/3 -> 0.96857566 | O47: NS
B48: 1. New Year | C48: =G6 -> -0.48006314 | H48: =-(C48)/3 -> 0.16002105 | I48: =(C48+3)/3 -> 0.83997895 | O48: ZE
A49: Islamic Holidays | B49: 6. Idul Fitri II | C49: =G7 -> -3.6756394 | G49: =(-3-C49)/3 -> 0.22521314 | H49: =(C49+6)/3 -> 0.77478686 | O49: NVS
B50: 1. Idul Adha | C50: =G8 -> -9.9893364 | E50: =(-9-C50)/3 -> 0.32977879 | F50: =(C50+12)/3 -> 0.67022121 | O50: NM
B51: 2. Islamic New Year | C51: =G9 -> -11.538678 | E51: =(-9-C51)/3 -> 0.84622614 | F51: =(C51+12)/3 -> 0.15377386 | O51: NB
B52: 3. Maulid | C52: =G10 -> -10.187522 | E52: =(-9-C52)/3 -> 0.39584076 | F52: =(C52+12)/3 -> 0.60415924 | O52: NM
B53: 4. Isra Mi'raj | C53: =G11 -> -4.6052368 | G53: =(-3-C53)/3 -> 0.53507894 | H53: =(C53+6)/3 -> 0.46492106 | O53: NVS
B54: 5. Idul Fitri I | C54: =G12 -> -9.8900317 | E54: =(-9-C54)/3 -> 0.29667724 | F54: =(C54+12)/3 -> 0.70332276 | O54: NM
A55: Christian Holidays | B55: 2. Ascension Day | C55: =G13 -> -6.8268972 | F55: =(-6-C55)/3 -> 0.2756324 | G55: =(C55+9)/3 -> 0.7243676 | O55: NS
B56: 1. Good Friday | C56: =G14 -> -6.5432734 | F56: =(-6-C56)/3 -> 0.18109114 | G56: =(C56+9)/3 -> 0.81890886 | O56: NS
B57: 2. Ascension Day | C57: =G15 -> -6.8268972 | F57: =(-6-C57)/3 -> 0.2756324 | G57: =(C57+9)/3 -> 0.7243676 | O57: NS
A58: Hindu, Buddhist, | B58: 2. Chinese New Year (Imlek) | C58: =G16 -> 9.5011013 | L58: =(12-C58)/3 -> 0.83296623 | M58: =(C58-9)/3 -> 0.16703377 | O58: PM
A59: and Chinese Holidays | B59: 1. Silent Day (Nyepi) | C59: =G17 -> 13.646953 | M59: =(15-C59)/3 -> 0.45101568 | N59: =(C59-12)/3 -> 0.54898432 | O59: PVB
B60: 2. Chinese New Year (Imlek) | C60: =G18 -> 9.5011013 | L60: =(12-C60)/3 -> 0.83296623 | M60: =(C60-9)/3 -> 0.16703377 | O60: PM
A64: Rule Base for Output Z year 2022
A66: Category | B66: Special Holiday | C66: Value | D66: Membership Degree (μ) | O66: Rule
C67: Z | D67: NVB | E67: NB | F67: NM | G67: NS | H67: NVS | I67: ZE | J67: PVS | K67: PS | L67: PM | M67: PB | N67: PVB | O67: Z
A68: General Holidays | B68: 1. New Year | C68: =H5 -> -0.48006314 | H68: =-(C68)/3 -> 0.16002105 | I68: =(C68+3)/3 -> 0.83997895 | O68: ZE
B69: 2. Independence Day | C69: =H6 -> -6.094273 | F69: =(-6-(C69))/3 -> 0.031424345 | G69: =(C69+9)/3 -> 0.96857566 | O69: NS
A70: Islamic Holidays | B70: 1. Idul Adha | C70: =H7 -> -9.9893364 | E70: =(-9-C70)/3 -> 0.32977879 | F70: =(C70+12)/3 -> 0.67022121 | O70: NM
B71: 2. Islamic New Year | C71: =H8 -> -11.538678 | E71: =(-9-C71)/3 -> 0.84622614 | F71: =(C71+12)/3 -> 0.15377386 | O71: NB
B72: 3. Maulid | C72: =H9 -> -10.187522 | E72: =(-9-C72)/3 -> 0.39584076 | F72: =(C72+12)/3 -> 0.60415924 | O72: NM
B73: 4. Isra Mi'raj | C73: =H10 -> -4.6052368 | G73: =(-3-C73)/3 -> 0.53507894 | H73: =(C73+6)/3 -> 0.46492106 | O73: NS
B74: 5. Idul Fitri I | C74: =H11 -> -9.8900317 | E74: =(-9-C74)/3 -> 0.29667724 | F74: =(C74+12)/3 -> 0.70332276 | O74: NM
B75: 6. Idul Fitri II | C75: =H12 -> -3.6756394 | G75: =(-3-C75)/3 -> 0.22521314 | H75: =(C75+6)/3 -> 0.77478686 | O75: NVS
A76: Christian Holidays | B76: 1. Good Friday | C76: =H13 -> -6.5432734 | F76: =(-6-C76)/3 -> 0.18109114 | G76: =(C76+9)/3 -> 0.81890886 | O76: NS
B77: 2. Ascension Day | C77: =H14 -> -6.8268972 | F77: =(-6-C77)/3 -> 0.2756324 | G77: =(C77+9)/3 -> 0.7243676 | O77: NS
B78: 3. Christmas | C78: =H15 -> -4.0278267 | G78: =(-3-C78)/3 -> 0.3426089 | H78: =(C78+6)/3 -> 0.6573911 | O78: NVS
A79: Hindu, Buddhist, | B79: 1. Silent Day (Nyepi) | C79: =H16 -> 13.646953 | M79: =(15-C79)/3 -> 0.45101568 | N79: =(C79-12)/3 -> 0.54898432 | O79: PVB
A80: and Chinese Holidays | B80: 2. Chinese New Year (Imlek) | C80: =H17 -> 9.5011013 | L80: =(12-C80)/3 -> 0.83296623 | M80: =(C80-9)/3 -> 0.16703377 | O80: PM
B81: 3. Waisak | C81: =H18 -> -6.9784191 | F81: =(-6-C81)/3 -> 0.32613971 | G81: =(C81+9)/3 -> 0.67386029 | O81: NS

Sheet VLD(x,y,z)2023
A1: Input (X,Y) dan output (Z) VLDMAX year 2023
A3: Category | B3: Special Holiday | D3: 2022 | E3: 2023 | F3: Input | H3: Output
D4: VLDMAX | E4: VLDMAX | F4: X | G4: Y | H4: Z
A5: General Holidays | B5: 1. New Year | D5: ='2022a'!L5 -> -0.48006314 | E5: ='2023a'!L6 -> -11.285594 | F5: =D5 -> -0.48006314 | G5: =E6 -> -9.2225478 | H5: =E5 -> -11.285594
B6: 2. Independence Day | D6: ='2022a'!L6 -> -6.094273 | E6: ='2023a'!L7 -> -9.2225478 | F6: =D6 -> -6.094273 | G6: =E5 -> -11.285594 | H6: =E6 -> -9.2225478
A7: Islamic Holidays | B7: 1. Idul Adha | D7: ='2022a'!L7 -> -9.9893364 | E7: ='2023a'!L8 -> -13.704771 | F7: =D7 -> -9.9893364 | G7: =E12 -> -1.5371636 | H7: =E7 -> -13.704771
B8: 2. Islamic New Year | D8: ='2022a'!L8 -> -11.538678 | E8: ='2023a'!L9 -> -10.053036 | F8: =D8 -> -11.538678 | G8: =E7 -> -13.704771 | H8: =E8 -> -10.053036
B9: 3. Maulid | D9: ='2022a'!L9 -> -10.187522 | E9: ='2023a'!L10 -> -11.667397 | F9: =D9 -> -10.187522 | G9: =E8 -> -10.053036 | H9: =E9 -> -11.667397
B10: 4. Isra Mi'raj | D10: ='2022a'!L10 -> -4.6052368 | E10: ='2023a'!L11 -> -3.7583995 | F10: =D10 -> -4.6052368 | G10: =E9 -> -11.667397 | H10: =E10 -> -3.7583995
B11: 5. Idul Fitri I | D11: ='2022a'!L11 -> -9.8900317 | E11: ='2023a'!L12 -> -15.602986 | F11: =D11 -> -9.8900317 | G11: =E10 -> -3.7583995 | H11: =E11 -> -15.602986
B12: 6. Idul Fitri II | D12: ='2022a'!L12 -> -3.6756394 | E12: ='2023a'!L13 -> -1.5371636 | F12: =D12 -> -3.6756394 | G12: =E11 -> -15.602986 | H12: =E12 -> -1.5371636
A13: Christian Holidays | B13: 1. Good Friday | D13: ='2022a'!L13 -> -6.5432734 | E13: ='2023a'!L14 -> -9.4613273 | F13: =D13 -> -6.5432734 | G13: =E14 -> -6.7784571 | H13: =E13 -> -9.4613273
B14: 2. Ascension Day | D14: ='2022a'!L14 -> -6.8268972 | E14: ='2023a'!L15 -> -6.7784571 | F14: =D14 -> -6.8268972 | G14: =E13 -> -9.4613273 | H14: =E14 -> -6.7784571
B15: 3. Christmas | D15: ='2022a'!L15 -> -4.0278267 | E15: ='2023a'!L16 -> -13.272881 | F15: =D15 -> -4.0278267 | G15: =E14 -> -6.7784571 | H15: =E15 -> -13.272881
A16: Hindu, Buddhist, | B16: 1. Silent Day (Nyepi) | D16: ='2022a'!L16 -> 13.646953 | E16: ='2023a'!L17 -> -9.6447284 | F16: =D16 -> 13.646953 | G16: =E17 -> -11.306996 | H16: =E16 -> -9.6447284
A17: and Chinese Holidays | B17: 2. Chinese New Year (Imlek) | D17: ='2022a'!L17 -> 9.5011013 | E17: ='2023a'!L18 -> -11.306996 | F17: =D17 -> 9.5011013 | G17: =E16 -> -9.6447284 | H17: =E17 -> -11.306996
B18: 3. Waisak | D18: ='2022a'!L18 -> -6.9784191 | E18: ='2023a'!L19 -> -15.889039 | F18: =D18 -> -6.9784191 | G18: =E17 -> -11.306996 | H18: =E18 -> -15.889039
A22: Rule Base for Input X year 2023
A24: Category | B24: Special Holiday | C24: Value | D24: Membership Degree (μ) | O24: Rule
C25: X | D25: NVB | E25: NB | F25: NM | G25: NS | H25: NVS | I25: ZE | J25: PVS | K25: PS | L25: PM | M25: PB | N25: PVB | O25: X
A26: General Holidays | B26: 1. New Year | C26: =F5 -> -0.48006314 | H26: =-(C26)/3 -> 0.16002105 | I26: =(C26+3)/3 -> 0.83997895 | O26: ZE
B27: 2. Independence Day | C27: =F6 -> -6.094273 | F27: =(-6-(C27))/3 -> 0.031424345 | G27: =(C27+9)/3 -> 0.96857566 | O27: NS
A28: Islamic Holidays | B28: 1. Idul Adha | C28: =F7 -> -9.9893364 | E28: =(-9-C28)/3 -> 0.32977879 | F28: =(C28+12)/3 -> 0.67022121 | O28: NM
B29: 2. Islamic New Year | C29: =F8 -> -11.538678 | E29: =(-9-C29)/3 -> 0.84622614 | F29: =(C29+12)/3 -> 0.15377386 | O29: NB
B30: 3. Maulid | C30: =F9 -> -10.187522 | E30: =(-9-C30)/3 -> 0.39584076 | F30: =(C30+12)/3 -> 0.60415924 | O30: NM
B31: 4. Isra Mi'raj | C31: =F10 -> -4.6052368 | F31: =(C30+12)/3 -> 0.60415924 | G31: =(-3-C31)/3 -> 0.53507894 | O31: NM
B32: 5. Idul Fitri I | C32: =F11 -> -9.8900317 | E32: =(-9-C32)/3 -> 0.29667724 | F32: =(C32+12)/3 -> 0.70332276 | O32: NM
B33: 6. Idul Fitri II | C33: =F12 -> -3.6756394 | G33: =(-3-C33)/3 -> 0.22521314 | H33: =(C33+6)/3 -> 0.77478686 | O33: NVS
A34: Christian Holidays | B34: 1. Good Friday | C34: =F13 -> -6.5432734 | F34: =(-6-C34)/3 -> 0.18109114 | G34: =(C34+9)/3 -> 0.81890886 | O34: NS
B35: 2. Ascension Day | C35: =F14 -> -6.8268972 | F35: =(-6-C35)/3 -> 0.2756324 | G35: =(C35+9)/3 -> 0.7243676 | O35: NS
B36: 3. Christmas | C36: =F15 -> -4.0278267 | G36: =(-3-C36)/3 -> 0.3426089 | H36: =(C36+6)/3 -> 0.6573911 | O36: NVS
A37: Hindu, Buddhist, | B37: 1. Silent Day (Nyepi) | C37: =F16 -> 13.646953 | M37: =(15-C37)/3 -> 0.45101568 | N37: =(C37-12)/3 -> 0.54898432 | O37: PVB
A38: and Chinese Holidays | B38: 2. Chinese New Year (Imlek) | C38: =F17 -> 9.5011013 | L38: =(12-C38)/3 -> 0.83296623 | M38: =(C38-9)/3 -> 0.16703377 | O38: PM
B39: 3. Waisak | C39: =F18 -> -6.9784191 | F39: =(-6-C39)/3 -> 0.32613971 | G39: =(C39+9)/3 -> 0.67386029 | O39: NS
A43: Rule Base for Input Y year 2023
A45: Category | B45: Special Holiday | C45: Value | D45: Membership Degree (μ) | O45: Rule
C46: Y | D46: NVB | E46: NB | F46: NM | G46: NS | H46: NVS | I46: ZE | J46: PVS | K46: PS | L46: PM | M46: PB | N46: PVB | O46: Y
A47: General Holidays | B47: 1. New Year | C47: -9.2225478 | E47: =(-9-C47)/3 -> 0.074182612 | F47: =(C47+12)/3 -> 0.92581739 | O47: NM
B48: 2. Independence Day | C48: -11.285594 | E48: =(-9-C48)/3 -> 0.76186478 | F48: =(C48+12)/3 -> 0.23813522 | O48: NB
A49: Islamic Holidays | B49: 1. Idul Adha | C49: -1.5371636 | H49: =(-(C49))/3 -> 0.51238788 | I49: =(C49+3)/3 -> 0.48761212 | O49: NVS
B50: 2. Islamic New Year | C50: -13.704771 | D50: =(-12-C50)/3 -> 0.56825707 | E50: =(C50+15)/3 -> 0.43174293 | O50: NVB
B51: 3. Maulid | C51: -10.053036 | E51: =(-9-C51)/3 -> 0.35101193 | F51: =(C51+12)/3 -> 0.64898807 | O51: NM
B52: 4. Isra Mi'raj | C52: -11.667397 | E52: =(-9-C52)/3 -> 0.8891323 | F52: =(C52+12)/3 -> 0.1108677 | O52: NB
B53: 5. Idul Fitri I | C53: -3.7583995 | G53: =(-3-C53)/3 -> 0.25279982 | H53: =(C53+6)/3 -> 0.74720018 | O53: NVS
B54: 6. Idul Fitri II | C54: -15.602986 | D54: 1 | O54: NVB
A55: Christian Holidays | B55: 1. Good Friday | C55: -6.7784571 | F55: =(-6-C55)/3 -> 0.2594857 | G55: =(C55+9)/3 -> 0.7405143 | O55: NS
B56: 2. Ascension Day | C56: -9.4613273 | E56: =(-9-C56)/3 -> 0.15377576 | F56: =(C56+12)/3 -> 0.84622424 | O56: NM
B57: 3. Christmas | C57: -6.7784571 | F57: =(-6-C57)/3 -> 0.2594857 | G57: =(C57+9)/3 -> 0.7405143 | O57: NS
A58: Hindu, Buddhist, | B58: 1. Silent Day (Nyepi) | C58: -11.306996 | E58: =(-9-C58)/3 -> 0.76899868 | F58: =(C58+12)/3 -> 0.23100132 | O58: NB
A59: and Chinese Holidays | B59: 2. Chinese New Year (Imlek) | C59: -9.6447284 | E59: =(-9-C59)/3 -> 0.21490948 | F59: =(C59+12)/3 -> 0.78509052 | O59: NM
B60: 3. Waisak | C60: -11.306996 | E60: =(-9-C60)/3 -> 0.76899868 | F60: =(C60+12)/3 -> 0.23100132 | O60: NB
A64: Rule Base for Output Z year 2023
A66: Category | B66: Special Holiday | C66: Value | D66: Membership Degree (μ) | O66: Rule
C67: Z | D67: NVB | E67: NB | F67: NM | G67: NS | H67: NVS | I67: ZE | J67: PVS | K67: PS | L67: PM | M67: PB | N67: PVB | O67: Z
A68: General Holidays | B68: 1. New Year | C68: =H5 -> -11.285594 | E68: =(-9-C68)/3 -> 0.76186478 | F68: =(C68+12)/3 -> 0.23813522 | O68: NB
B69: 2. Independence Day | C69: =H6 -> -9.2225478 | E69: =(-9-C69)/3 -> 0.074182612 | F69: =(C69+12)/3 -> 0.92581739 | O69: NM
A70: Islamic Holidays | B70: 1. Idul Adha | C70: =H7 -> -13.704771 | D70: =(-12-C70)/3 -> 0.56825707 | E70: =(C70+15)/3 -> 0.43174293 | O70: NVB
B71: 2. Islamic New Year | C71: =H8 -> -10.053036 | E71: =(-9-C71)/3 -> 0.35101193 | F71: =(C71+12)/3 -> 0.64898807 | O71: NM
B72: 3. Maulid | C72: =H9 -> -11.667397 | E72: =(-9-C72)/3 -> 0.8891323 | F72: =(C72+12)/3 -> 0.1108677 | O72: NB
B73: 4. Isra Mi'raj | C73: =H10 -> -3.7583995 | G73: =(-3-C73)/3 -> 0.25279982 | H73: =(C73+6)/3 -> 0.74720018 | O73: NVS
B74: 5. Idul Fitri I | C74: =H11 -> -15.602986 | D74: 1 | O74: NVB
B75: 6. Idul Fitri II | C75: =H12 -> -1.5371636 | H75: =(-(C75))/3 -> 0.51238788 | I75: =(C75+3)/3 -> 0.48761212 | O75: NVS
A76: Christian Holidays | B76: 1. Good Friday | C76: =H13 -> -9.4613273 | E76: =(-9-C76)/3 -> 0.15377576 | F76: =(C76+12)/3 -> 0.84622424 | O76: NM
B77: 2. Ascension Day | C77: =H14 -> -6.7784571 | F77: =(-6-C77)/3 -> 0.2594857 | G77: =(C77+9)/3 -> 0.7405143 | O77: NS
B78: 3. Christmas | C78: =H15 -> -13.272881 | D78: =(-12-C78)/3 -> 0.42429377 | E78: =(C78+15)/3 -> 0.57570623 | O78: NB
A79: Hindu, Buddhist, | B79: 1. Silent Day (Nyepi) | C79: =H16 -> -9.6447284 | E79: =(-9-C79)/3 -> 0.21490948 | F79: =(C79+12)/3 -> 0.78509052 | O79: NM
A80: and Chinese Holidays | B80: 2. Chinese New Year (Imlek) | C80: =H17 -> -11.306996 | E80: =(-9-C80)/3 -> 0.76899868 | F80: =(C80+12)/3 -> 0.23100132 | O80: NB
B81: 3. Waisak | C81: =H18 -> -15.889039 | D81: 1 | O81: NVB

Sheet VLD(x,y,z)2024
A1: Input (X,Y) dan output (Z) VLDMAX year 2024
A3: Category | B3: Special Holiday | D3: 2023 | E3: 2024 | F3: Input | H3: Output
D4: VLDMAX | E4: VLDMAX | F4: X | G4: Y | H4: Z
A5: General Holidays | B5: 1. New Year | D5: -11.285594 | E5: -9.9619177 | F5: =D5 -> -11.285594 | G5: =E6 -> -3.6051464 | H5: =E5 -> -9.9619177
B6: 2. Independence Day | D6: -9.2225478 | E6: -3.6051464 | F6: =D6 -> -9.2225478 | G6: =E5 -> -9.9619177 | H6: =E6 -> -3.6051464
A7: Islamic Holidays | B7: 1. Idul Adha | D7: -13.704771 | E7: -8.5739194 | F7: =D7 -> -13.704771 | G7: =E12 -> -6.4495908 | H7: =E7 -> -8.5739194
B8: 2. Islamic New Year | D8: -10.053036 | E8: -3.7454598 | F8: =D8 -> -10.053036 | G8: =E7 -> -8.5739194 | H8: =E8 -> -3.7454598
B9: 3. Maulid | D9: -11.667397 | E9: -4.421208 | F9: =D9 -> -11.667397 | G9: =E8 -> -3.7454598 | H9: =E9 -> -4.421208
B10: 4. Isra Mi'raj | D10: -3.7583995 | E10: -11.998988 | F10: =D10 -> -3.7583995 | G10: =E9 -> -4.421208 | H10: =E10 -> -11.998988
B11: 5. Idul Fitri I | D11: -15.602986 | E11: -10.51029 | F11: =D11 -> -15.602986 | G11: =E10 -> -11.998988 | H11: =E11 -> -10.51029
B12: 6. Idul Fitri II | D12: -1.5371636 | E12: -6.4495908 | F12: =D12 -> -1.5371636 | G12: =E11 -> -10.51029 | H12: =E12 -> -6.4495908
A13: Christian Holidays | B13: 1. Good Friday | D13: -9.4613273 | E13: -8.8817713 | F13: =D13 -> -9.4613273 | G13: =E14 -> -3.5312117 | H13: =E13 -> -8.8817713
B14: 2. Ascension Day | D14: -6.7784571 | E14: -3.5312117 | F14: =D14 -> -6.7784571 | G14: =E13 -> -8.8817713 | H14: =E14 -> -3.5312117
B15: 3. Christmas | D15: -13.272881 | E15: -4.3427803 | F15: =D15 -> -13.272881 | G15: =E14 -> -3.5312117 | H15: =E15 -> -4.3427803
A16: Hindu, Buddhist, | B16: 1. Silent Day (Nyepi) | D16: -9.6447284 | E16: -13.383836 | F16: =D16 -> -9.6447284 | G16: =E17 -> -2.1310256 | H16: =E16 -> -13.383836
A17: and Chinese Holidays | B17: 2. Chinese New Year (Imlek) | D17: -11.306996 | E17: -2.1310256 | F17: =D17 -> -11.306996 | G17: =E16 -> -13.383836 | H17: =E17 -> -2.1310256
B18: 3. Waisak | D18: -15.889039 | E18: -4.0648817 | F18: =D18 -> -15.889039 | G18: =E17 -> -2.1310256 | H18: =E18 -> -4.0648817
A22: Rule Base for Input X year 2024
A24: Category | B24: Special Holiday | C24: Nilai | D24: Membership Degree (μ) | O24: Rule
C25: X | D25: NVB | E25: NB | F25: NM | G25: NS | H25: NVS | I25: ZE | J25: PVS | K25: PS | L25: PM | M25: PB | N25: PVB | O25: X
A26: General Holidays | B26: 1. New Year | C26: =F5 -> -11.285594 | E26: =(-9-C26)/3 -> 0.76186478 | F26: =(C26+12)/3 -> 0.23813522 | O26: NB
B27: 2. Independence Day | C27: =F6 -> -9.2225478 | E27: =(-9-C27)/3 -> 0.074182612 | F27: =(C27+12)/3 -> 0.92581739 | O27: NM
A28: Islamic Holidays | B28: 1. Idul Adha | C28: =F7 -> -13.704771 | D28: =(-12-C28)/3 -> 0.56825707 | E28: =(C28+15)/3 -> 0.43174293 | O28: NVB
B29: 2. Islamic New Year | C29: =F8 -> -10.053036 | E29: =(-9-C29)/3 -> 0.35101193 | F29: =(C29+12)/3 -> 0.64898807 | O29: NM
B30: 3. Maulid | C30: =F9 -> -11.667397 | E30: =(-9-C30)/3 -> 0.8891323 | F30: =(C30+12)/3 -> 0.1108677 | O30: NB
B31: 4. Isra Mi'raj | C31: =F10 -> -3.7583995 | G31: =(-3-C31)/3 -> 0.25279982 | H31: =(C31+6)/3 -> 0.74720018 | O31: NVS
B32: 5. Idul Fitri I | C32: =F11 -> -15.602986 | D32: 1 | O32: NVB
B33: 6. Idul Fitri II | C33: =F12 -> -1.5371636 | H33: =(-(C33))/3 -> 0.51238788 | I33: =(C33+3)/3 -> 0.48761212 | O33: NVS
A34: Christian Holidays | B34: 1. Good Friday | C34: =F13 -> -9.4613273 | E34: =(-9-C34)/3 -> 0.15377576 | F34: =(C34+12)/3 -> 0.84622424 | O34: NM
B35: 2. Ascension Day | C35: =F14 -> -6.7784571 | F35: =(-6-C35)/3 -> 0.2594857 | G35: =(C35+9)/3 -> 0.7405143 | O35: NS
B36: 3. Christmas | C36: =F15 -> -13.272881 | D36: =(-12-C36)/3 -> 0.42429377 | E36: =(C36+15)/3 -> 0.57570623 | O36: NB
A37: Hindu, Buddhist, | B37: 1. Silent Day (Nyepi) | C37: =F16 -> -9.6447284 | E37: =(-9-C37)/3 -> 0.21490948 | F37: =(C37+12)/3 -> 0.78509052 | O37: NM
A38: and Chinese Holidays | B38: 2. Chinese New Year (Imlek) | C38: =F17 -> -11.306996 | E38: =(-9-C38)/3 -> 0.76899868 | F38: =(C38+12)/3 -> 0.23100132 | O38: NB
B39: 3. Waisak | C39: =F18 -> -15.889039 | D39: 1 | O39: NVB
A43: Rule Base for Input Y year 2024
A45: Category | B45: Special Holiday | C45: Value | D45: Membership Degree (μ) | O45: Rule
C46: Y | D46: NVB | E46: NB | F46: NM | G46: NS | H46: NVS | I46: ZE | J46: PVS | K46: PS | L46: PM | M46: PB | N46: PVB | O46: Y
A47: General Holidays | B47: 1. New Year | C47: =G5 -> -3.6051464 | G47: =(-3-C47)/3 -> 0.20171548 | H47: =(C47+6)/3 -> 0.79828452 | O47: NVS
B48: 2. Independence Day | C48: =G6 -> -9.9619177 | E48: =(-9-C48)/3 -> 0.32063925 | F48: =(C48+12)/3 -> 0.67936075 | O48: NM
A49: Islamic Holidays | B49: 1. Idul Adha | C49: =G7 -> -6.4495908 | F49: =(-6-C49)/3 -> 0.1498636 | G49: =(C49+9)/3 -> 0.8501364 | O49: NS
B50: 2. Islamic New Year | C50: =G8 -> -8.5739194 | F50: =(-6-C50)/3 -> 0.85797314 | G50: =(C50+9)/3 -> 0.14202686 | O50: NM
B51: 3. Maulid | C51: =G9 -> -3.7454598 | G51: =(-3-C51)/3 -> 0.24848659 | H51: =(C51+6)/3 -> 0.75151341 | O51: NVS
B52: 4. Isra Mi'raj | C52: =G10 -> -4.421208 | G52: =(-3-C52)/3 -> 0.47373599 | H52: =(C52+6)/3 -> 0.52626401 | O52: NVS
B53: 5. Idul Fitri I | C53: =G11 -> -11.998988 | E53: =(-9-C53)/3 -> 0.99966272 | F53: =(C53+12)/3 -> 0.00033727709 | O53: NB
B54: 6. Idul Fitri II | C54: =G12 -> -10.51029 | E54: =(-9-C54)/3 -> 0.50343002 | F54: =(C54+12)/3 -> 0.49656998 | O54: NB
A55: Christian Holidays | B55: 1. Good Friday | C55: =G13 -> -3.5312117 | G55: =(-3-C55)/3 -> 0.17707056 | H55: =(C55+6)/3 -> 0.82292944 | O55: NVS
B56: 2. Ascension Day | C56: =G14 -> -8.8817713 | F56: =(-6-C56)/3 -> 0.96059044 | G56: =(C56+9)/3 -> 0.039409564 | O56: NM
B57: 3. Christmas | C57: =G15 -> -3.5312117 | G57: =(-3-C57)/3 -> 0.17707056 | H57: =(C57+6)/3 -> 0.82292944 | O57: NVS
A58: Hindu, Buddhist, | B58: 1. Silent Day (Nyepi) | C58: =G16 -> -2.1310256 | H58: =(-C58)/3 -> 0.71034187 | I58: =(C58+3)/3 -> 0.28965813 | O58: NVS
A59: and Chinese Holidays | B59: 2. Chinese New Year (Imlek) | C59: =G17 -> -13.383836 | D59: =(-12-C59)/3 -> 0.46127862 | E59: =(C59+15)/3 -> 0.53872138 | O59: NB
B60: 3. Waisak | C60: =G18 -> -2.1310256 | H60: =(-C60)/3 -> 0.71034187 | I60: =(C60+3)/3 -> 0.28965813 | O60: NVS
A64: Rule Base for Output Z year 2024
A66: Category | B66: Special Holiday | C66: Value | D66: Membership Degree (μ) | O66: Himpunan
C67: Z | D67: NVB | E67: NB | F67: NM | G67: NS | H67: NVS | I67: ZE | J67: PVS | K67: PS | L67: PM | M67: PB | N67: PVB | O67: Z
A68: General Holidays | B68: 1. New Year | C68: =H5 -> -9.9619177 | E68: =(-9-C68)/3 -> 0.32063925 | F68: =(C68+12)/3 -> 0.67936075 | O68: NM
B69: 2. Independence Day | C69: =H6 -> -3.6051464 | G69: =(-3-C69)/3 -> 0.20171548 | H69: =(C69+6)/3 -> 0.79828452 | O69: NVS
A70: Islamic Holidays | B70: 1. Idul Adha | C70: =H7 -> -8.5739194 | F70: =(-6-C70)/3 -> 0.85797314 | G70: =(C70+9)/3 -> 0.14202686 | O70: NM
B71: 2. Islamic New Year | C71: =H8 -> -3.7454598 | G71: =(-3-C71)/3 -> 0.24848659 | H71: =(C71+6)/3 -> 0.75151341 | O71: NVS
B72: 3. Maulid | C72: =H9 -> -4.421208 | G72: =(-3-C72)/3 -> 0.47373599 | H72: =(C72+6)/3 -> 0.52626401 | O72: NVS
B73: 4. Isra Mi'raj | C73: =H10 -> -11.998988 | E73: =(-9-C73)/3 -> 0.99966272 | F73: =(C73+12)/3 -> 0.00033727709 | O73: NB
B74: 5. Idul Fitri I | C74: =H11 -> -10.51029 | E74: =(-9-C74)/3 -> 0.50343002 | F74: =(C74+12)/3 -> 0.49656998 | O74: NB
B75: 6. Idul Fitri II | C75: =H12 -> -6.4495908 | F75: =(-6-C75)/3 -> 0.1498636 | G75: =(C75+9)/3 -> 0.8501364 | O75: NS
A76: Christian Holidays | B76: 1. Good Friday | C76: =H13 -> -8.8817713 | F76: =(-6-C76)/3 -> 0.96059044 | G76: =(C76+9)/3 -> 0.039409564 | O76: NM
B77: 2. Ascension Day | C77: =H14 -> -3.5312117 | G77: =(-3-C77)/3 -> 0.17707056 | H77: =(C77+6)/3 -> 0.82292944 | O77: NVS
B78: 3. Christmas | C78: =H15 -> -4.3427803 | G78: =(-3-C78)/3 -> 0.44759344 | H78: =(C78+6)/3 -> 0.55240656 | O78: NVS
A79: Hindu, Buddhist, | B79: 1. Silent Day (Nyepi) | C79: =H16 -> -13.383836 | D79: =(-12-C79)/3 -> 0.46127862 | E79: =(C79+15)/3 -> 0.53872138 | O79: NB
A80: and Chinese Holidays | B80: 2. Chinese New Year (Imlek) | C80: =H17 -> -2.1310256 | H80: =(-C80)/3 -> 0.71034187 | I80: =(C80+3)/3 -> 0.28965813 | O80: NVS
B81: 3. Waisak | C81: =H18 -> -4.0648817 | G81: =(-3-C81)/3 -> 0.35496056 | H81: =(C81+6)/3 -> 0.64503944 | O81: NVS

Sheet RuleBase 2022
A2: Tabel rules base untuk tahun peramalan tahun 2023
B3: 1 | C3: 2 | D3: 3 | E3: 4 | F3: 5 | G3: 6 | H3: 7 | I3: 8 | J3: 9 | K3: 10 | L3: 11
A4: X/Y | B4: NVB | C4: NB | D4: NM | E4: NS | F4: NVS | G4: ZE | H4: PVS | I4: PS | J4: PM | K4: PB | L4: PVB
A5: NVB
A6: NB
A7: NM
A8: NS
A9: NVS
A10: ZE
A11: PVS
A12: PS
A13: PM
A14: PB
A15: PVB
A17: No. | B17: Antecendent | D17: Consequen | F17: No. | G17: Antecendent | I17: Consequen
A18: Aturan | B18: X | C18: Y | D18: Z | F18: Aturan | G18: X | H18: Y | I18: Z
A19: 1 | B19: ='VLD(x,y,z)2022'!O26 -> ZE | C19: ='VLD(x,y,z)2022'!O47 -> NS | D19: ='VLD(x,y,z)2022'!O68 -> ZE | F19: 1 | G19: 6 | H19: 4 | I19: 6
A20: 2 | B20: ='VLD(x,y,z)2022'!O27 -> NVS | C20: ='VLD(x,y,z)2022'!O48 -> ZE | D20: ='VLD(x,y,z)2022'!O69 -> NS | F20: 2 | G20: 5 | H20: 6 | I20: 4
A21: 3 | B21: ='VLD(x,y,z)2022'!O28 -> NVS | C21: ='VLD(x,y,z)2022'!O49 -> NVS | D21: ='VLD(x,y,z)2022'!O70 -> NM | F21: 3 | G21: 5 | H21: 5 | I21: 3
A22: 4 | B22: ='VLD(x,y,z)2022'!O29 -> ZE | C22: ='VLD(x,y,z)2022'!O50 -> NM | D22: ='VLD(x,y,z)2022'!O71 -> NB | F22: 4 | G22: 6 | H22: 3 | I22: 2
A23: 5 | B23: ='VLD(x,y,z)2022'!O30 -> NM | C23: ='VLD(x,y,z)2022'!O51 -> NB | D23: ='VLD(x,y,z)2022'!O72 -> NM | F23: 5 | G23: 3 | H23: 2 | I23: 3
A24: 6 | B24: ='VLD(x,y,z)2022'!O31 -> NS | C24: ='VLD(x,y,z)2022'!O52 -> NM | D24: ='VLD(x,y,z)2022'!O73 -> NS | F24: 6 | G24: 4 | H24: 3 | I24: 4
A25: 7 | B25: ='VLD(x,y,z)2022'!O32 -> NS | C25: ='VLD(x,y,z)2022'!O53 -> NVS | D25: ='VLD(x,y,z)2022'!O74 -> NM | F25: 7 | G25: 4 | H25: 5 | I25: 3
A26: 8 | B26: ='VLD(x,y,z)2022'!O33 -> NS | C26: ='VLD(x,y,z)2022'!O54 -> NM | D26: ='VLD(x,y,z)2022'!O75 -> NVS | F26: 8 | G26: 4 | H26: 3 | I26: 5
A27: 9 | B27: ='VLD(x,y,z)2022'!O34 -> NM | C27: ='VLD(x,y,z)2022'!O55 -> NS | D27: ='VLD(x,y,z)2022'!O76 -> NS | F27: 9 | G27: 3 | H27: 4 | I27: 4
A28: 10 | B28: ='VLD(x,y,z)2022'!O35 -> ZE | C28: ='VLD(x,y,z)2022'!O56 -> NS | D28: ='VLD(x,y,z)2022'!O77 -> NS | F28: 10 | G28: 6 | H28: 4 | I28: 4
A29: 11 | B29: ='VLD(x,y,z)2022'!O36 -> NVB | C29: ='VLD(x,y,z)2022'!O57 -> NS | D29: ='VLD(x,y,z)2022'!O78 -> NVS | F29: 11 | G29: 1 | H29: 4 | I29: 5
A30: 12 | B30: ='VLD(x,y,z)2022'!O37 -> NS | C30: ='VLD(x,y,z)2022'!O58 -> PM | D30: ='VLD(x,y,z)2022'!O79 -> PVB | F30: 12 | G30: 4 | H30: 9 | I30: 11
... A32: 14 | B32: ='VLD(x,y,z)2022'!O39 -> PS | C32: ='VLD(x,y,z)2022'!O60 -> PM | D32: ='VLD(x,y,z)2022'!O81 -> NS | F32: 14 | G32: 8 | H32: 9 | I32: 4

Sheet RuleBase 2023
A2: Tabel rules base untuk tahun peramalan tahun 2023
B3: 1 | C3: 2 | D3: 3 | E3: 4 | F3: 5 | G3: 6 | H3: 7 | I3: 8 | J3: 9 | K3: 10 | L3: 11
A4: X/Y | B4: NVB | C4: NB | D4: NM | E4: NS | F4: NVS | G4: ZE | H4: PVS | I4: PS | J4: PM | K4: PB | L4: PVB
A5: NVB
A6: NB
A7: NM
A8: NS
A9: NVS
A10: ZE | D10: NB
A11: PVS
A12: PS
A13: PM
A14: PB
A15: PVB
A17: No. | B17: Antecendent | D17: Consequen | F17: No. | G17: Antecendent | I17: Consequen
A18: Aturan | B18: X | C18: Y | D18: Z | F18: Aturan | G18: X | H18: Y | I18: Z
A19: 1 | B19: ZE | C19: NM | D19: NB | F19: 1 | G19: 6 | H19: 3 | I19: 2
A20: 2 | B20: NS | C20: NB | D20: NM | F20: 2 | G20: 4 | H20: 2 | I20: 3
A21: 3 | B21: NM | C21: NVS | D21: NVB | F21: 3 | G21: 3 | H21: 5 | I21: 1
A22: 4 | B22: NB | C22: NVB | D22: NM | F22: 4 | G22: 2 | H22: 1 | I22: 3
A23: 5 | B23: NM | C23: NM | D23: NB | F23: 5 | G23: 3 | H23: 3 | I23: 2
A24: 6 | B24: NM | C24: NB | D24: NVS | F24: 6 | G24: 3 | H24: 2 | I24: 5
A25: 7 | B25: NM | C25: NVS | D25: NVB | F25: 7 | G25: 3 | H25: 5 | I25: 1
A26: 8 | B26: NVS | C26: NVB | D26: NVS | F26: 8 | G26: 5 | H26: 1 | I26: 5
A27: 9 | B27: NS | C27: NS | D27: NM | F27: 9 | G27: 4 | H27: 4 | I27: 3
A28: 10 | B28: NS | C28: NM | D28: NS | F28: 10 | G28: 4 | H28: 3 | I28: 4
A29: 11 | B29: NVS | C29: NS | D29: NB | F29: 11 | G29: 5 | H29: 4 | I29: 2
A30: 12 | B30: PVB | C30: NB | D30: NM | F30: 12 | G30: 11 | H30: 2 | I30: 3
... A32: 14 | B32: NS | C32: NB | D32: NVB | F32: 14 | G32: 4 | H32: 2 | I32: 1

Sheet RuleBase 2024
A2: Tabel rules base untuk tahun peramalan tahun 2024
B3: 1 | C3: 2 | D3: 3 | E3: 4 | F3: 5 | G3: 6 | H3: 7 | I3: 8 | J3: 9 | K3: 10 | L3: 11
A4: X/Y | B4: NVB | C4: NB | D4: NM | E4: NS | F4: NVS | G4: ZE | H4: PVS | I4: PS | J4: PM | K4: PB | L4: PVB
A5: NVB
A6: NB
A7: NM
A8: NS
A9: NVS
A10: ZE
A11: PVS
A12: PS
A13: PM
A14: PB
A15: PVB
A17: No. | B17: Antecendent | D17: Consequen | F17: No. | G17: Antecendent | I17: Consequen
A18: Aturan | B18: X | C18: Y | D18: Z | F18: Aturan | G18: X | H18: Y | I18: Z
A19: 1 | B19: NB | C19: NVS | D19: NM | F19: 1 | G19: 2 | H19: 5 | I19: 3
A20: 2 | B20: NM | C20: NM | D20: NVS | F20: 2 | G20: 3 | H20: 3 | I20: 5
A21: 3 | B21: NVB | C21: NS | D21: NM | F21: 3 | G21: 1 | H21: 4 | I21: 3
A22: 4 | B22: NM | C22: NM | D22: NVS | F22: 4 | G22: 3 | H22: 3 | I22: 5
A23: 5 | B23: NB | C23: NVS | D23: NVS | F23: 5 | G23: 2 | H23: 5 | I23: 5
A24: 6 | B24: NVS | C24: NVS | D24: NB | F24: 6 | G24: 5 | H24: 5 | I24: 2
A25: 7 | B25: NVB | C25: NB | D25: NB | F25: 7 | G25: 1 | H25: 2 | I25: 2
A26: 8 | B26: NVS | C26: NB | D26: NS | F26: 8 | G26: 5 | H26: 2 | I26: 4
A27: 9 | B27: NM | C27: NVS | D27: NM | F27: 9 | G27: 3 | H27: 5 | I27: 3
A28: 10 | B28: NS | C28: NM | D28: NVS | F28: 10 | G28: 4 | H28: 3 | I28: 5
A29: 11 | B29: NB | C29: NVS | D29: NVS | F29: 11 | G29: 2 | H29: 5 | I29: 5
A30: 12 | B30: NM | C30: NVS | D30: NB | F30: 12 | G30: 3 | H30: 5 | I30: 2
... A32: 14 | B32: NVB | C32: NVS | D32: NVS | F32: 14 | G32: 1 | H32: 5 | I32: 5

Sheet Load consumption
A2: No | B2: 2020 | C2: 2021 | D2: 2022 | E2: 2023 | F2: 2024
A3: 1 | B3: 22567256 | C3: 23718258 | D3: 25726989 | E3: 21383235 | F3: 21383235
A4: 2 | B4: 23420438 | C4: 23452361 | D4: 23595416 | E4: 23369011 | F4: 23369011
A5: 3 | B5: 21625342 | C5: 22686862 | D5: 23221913 | E5: 20658325 | F5: 20658325
A6: 4 | B6: 23812488 | C6: 24934535 | D6: 23994466 | E6: 23414288 | F6: 23414288
A7: 5 | B7: 26978630 | C7: 27274020 | D7: 24348237 | E7: 23798221 | F7: 23798221
A8: 6 | B8: 25901645 | C8: 24409354 | D8: 23370764 | E8: 25703680 | F8: 25703680
A9: 7 | B9: 22949802 | C9: 23852583 | D9: 21973445 | E9: 18556040 | F9: 18556040
A10: 8 | B10: 23457313 | C10: 23441136 | D10: 22778254 | E10: 20061148 | F10: 20061148
A11: 9 | B11: 23007013 | C11: 22751771 | D11: 24624619 | E11: 22518593 | F11: 22518593
A12: 10 | B12: 22742761 | C12: 23852583 | D12: 24654370 | E12: 25094944 | F12: 25094944
A13: 11 | B13: 25456620 | C13: 22815692 | D13: 25043530 | E13: 23465167 | F13: 23465167
A14: 12 | B14: 24601645 | C14: 23287769 | D14: 27298992 | E14: 23458006 | F14: 23458006
... A16: 14 | B16: 22035484 | C16: 23862346 | D16: 23610308 | E16: 23319886 | F16: 23319886
A21: 1.05E-05 | B21: 3.09E-03 | C21: 4.63E-10 | D21: 1.24E-44
A22: 2.64E-01 | B22: 1.60E+03 | C22: 8.05E-03 | D22: 7.02E+03
A23: 3.87E+01 | B23: 4.39E+01 | C23: 3.86E-10 | D23: 3.50E-29
A24: 2.79E-04 | B24: 9.49E+03 | C24: 9.61E-03 | D24: 1.74E+04
A25: -5.50E+03 | B25: -8.44E+03 | C25: -5.96E+03 | D25: -4.22E+03
A26: 3.18E+02 | B26: 3.42E+02 | C26: 7.84E+02 | D26: 6.83E+02
A27: 3.65E+00 | B27: 3.71E+00 | C27: 3.80E+00 | D27: 2.97E+00
A28: 1.00E+08 | B28: 3.65E+07 | C28: 1.91E+08 | D28: 2.48E+08
A29: 3.60E-02 | B29: 5.91E-04 | C29: 7.81E-04 | D29: 4.40E-04
A30: 2.26E-02 | B30: 1.13E-02 | C30: 3.38E-03 | D30: 1.94E-02
A31: -1.02E+00 | B31: -1.03E+00 | C31: -1.03E+00 | D31: -1.03E+00
A32: 9.92E-02 | B32: 1.15E-01 | C32: 1.17E-02 | D32: 1.85E-01

Sheet Result Performance 2023
B1: RESULT FORCASTING PERFORMANCE 2023
B3: Type-1 | E3: IT2-FIS | H3: IT2FIS-CSA | K3: IT2FIS-FA | N3: IT2FIS-ZOA | Q3: IT2FIS-OOA | T3: Support Vector Regression (SVR) | W3: Random Forest | Z3: XGBoost
B4: Actual | C4: Forecast | D4: Error | E4: Actual | F4: Forecast | G4: Error | H4: Actual | I4: Forecast | J4: Error | K4: Actual | L4: Forecast | M4: Error | N4: Actual | O4: Forecast | P4: Error | Q4: Actual | R4: Forecast | S4: Error | T4: Actual | U4: Forecast | V4: Error | W4: Actual | X4: Forecast | Y4: Error | Z4: Actual | AA4: Forecast | AB4: Error
B5: ='2023a'!P6 -> 21383235 | C5: ='2023a'!O6 -> 21200344 | D5: =ABS((C5-B5)/B5)*100 -> 0.85530116 | E5: ='2023a'!P25 -> 21383235 | F5: ='2023a'!O25 -> 21200344 | G5: =ABS((F5-E5)/E5)*100 -> 0.85530116 | H5: ='2023a'!P44 -> 21383235 | I5: ='2023a'!O44 -> 21217394 | J5: =ABS((I5-H5)/H5)*100 -> 0.77556627 | K5: ='2023a'!P63 -> 21383235 | L5: ='2023a'!O63 -> 21197707 | M5: =ABS((L5-K5)/K5)*100 -> 0.86763253 | N5: ='2023a'!P82 -> 21383235 | O5: ='2023a'!O82 -> 21225714 | P5: =ABS((O5-N5)/N5)*100 -> 0.7366566 | Q5: ='2023a'!P102 -> 21383235 | R5: ='2023a'!O102 -> 21227327 | S5: =ABS((R5-Q5)/Q5)*100 -> 0.72911411 | T5: ='2023a'!J121 -> 21383235 | U5: ='2023a'!I121 -> 24751095 | V5: =ABS((U5-T5)/T5)*100 -> 15.750001 | W5: ='2023a'!J140 -> 21383235 | X5: ='2023a'!I140 -> 24289375 | Y5: =ABS((X5-W5)/W5)*100 -> 13.590737 | Z5: ='2023a'!J159 -> 21383235 | AA5: ='2023a'!I159 -> 23761842 | AB5: =ABS((AA5-Z5)/Z5)*100 -> 11.1237
B6: ='2023a'!P7 -> 23369011 | C6: ='2023a'!O7 -> 24582019 | D6: =ABS((C6-B6)/B6)*100 -> 5.1906655 | E6: ='2023a'!P26 -> 23369011 | F6: ='2023a'!O26 -> 24246477 | G6: =ABS((F6-E6)/E6)*100 -> 3.7548236 | H6: ='2023a'!P45 -> 23369011 | I6: ='2023a'!O45 -> 24246477 | J6: =ABS((I6-H6)/H6)*100 -> 3.7548236 | K6: ='2023a'!P64 -> 23369011 | L6: ='2023a'!O64 -> 24246477 | M6: =ABS((L6-K6)/K6)*100 -> 3.7548236 | N6: ='2023a'!P83 -> 23369011 | O6: ='2023a'!O83 -> 24246477 | P6: =ABS((O6-N6)/N6)*100 -> 3.7548236 | Q6: ='2023a'!P103 -> 23369011 | R6: ='2023a'!O103 -> 24246477 | S6: =ABS((R6-Q6)/Q6)*100 -> 3.7548236 | T6: ='2023a'!J122 -> 23369011 | U6: ='2023a'!I122 -> 23836417 | V6: =ABS((U6-T6)/T6)*100 -> 2.0001069 | W6: ='2023a'!J141 -> 23369011 | X6: ='2023a'!I141 -> 24895690 | Y6: =ABS((X6-W6)/W6)*100 -> 6.5329198 | Z6: ='2023a'!J160 -> 23369011 | AA6: ='2023a'!I160 -> 25450052 | AB6: =ABS((AA6-Z6)/Z6)*100 -> 8.9051293
B7: ='2023a'!P8 -> 20658325 | C7: ='2023a'!O8 -> 24194371 | D7: =ABS((C7-B7)/B7)*100 -> 17.116812 | E7: ='2023a'!P27 -> 20658325 | F7: ='2023a'!O27 -> 24194371 | G7: =ABS((F7-E7)/E7)*100 -> 17.116812 | H7: ='2023a'!P46 -> 20658325 | I7: ='2023a'!O46 -> 24194371 | J7: =ABS((I7-H7)/H7)*100 -> 17.116812 | K7: ='2023a'!P65 -> 20658325 | L7: ='2023a'!O65 -> 24194371 | M7: =ABS((L7-K7)/K7)*100 -> 17.116812 | N7: ='2023a'!P84 -> 20658325 | O7: ='2023a'!O84 -> 24194371 | P7: =ABS((O7-N7)/N7)*100 -> 17.116812 | Q7: ='2023a'!P104 -> 20658325 | R7: ='2023a'!O104 -> 24194371 | S7: =ABS((R7-Q7)/Q7)*100 -> 17.116812 | T7: ='2023a'!J123 -> 20658325 | U7: ='2023a'!I123 -> 23757842 | V7: =ABS((U7-T7)/T7)*100 -> 15.003719 | W7: ='2023a'!J142 -> 20658325 | X7: ='2023a'!I142 -> 24087548 | Y7: =ABS((X7-W7)/W7)*100 -> 16.599718 | Z7: ='2023a'!J161 -> 20658325 | AA7: ='2023a'!I161 -> 23538737 | AB7: =ABS((AA7-Z7)/Z7)*100 -> 13.943107
B8: ='2023a'!P9 -> 23414288 | C8: ='2023a'!O9 -> 23693643 | D8: =ABS((C8-B8)/B8)*100 -> 1.1930957 | E8: ='2023a'!P28 -> 23414288 | F8: ='2023a'!O28 -> 23693643 | G8: =ABS((F8-E8)/E8)*100 -> 1.1930957 | H8: ='2023a'!P47 -> 23414288 | I8: ='2023a'!O47 -> 23693643 | J8: =ABS((I8-H8)/H8)*100 -> 1.1930957 | K8: ='2023a'!P66 -> 23414288 | L8: ='2023a'!O66 -> 23693643 | M8: =ABS((L8-K8)/K8)*100 -> 1.1930957 | N8: ='2023a'!P85 -> 23414288 | O8: ='2023a'!O85 -> 23693643 | P8: =ABS((O8-N8)/N8)*100 -> 1.1930957 | Q8: ='2023a'!P105 -> 23414288 | R8: ='2023a'!O105 -> 23693643 | S8: =ABS((R8-Q8)/Q8)*100 -> 1.1930957 | T8: ='2023a'!J124 -> 23414288 | U8: ='2023a'!I124 -> 23759364 | V8: =ABS((U8-T8)/T8)*100 -> 1.4737836 | W8: ='2023a'!J143 -> 23414288 | X8: ='2023a'!I143 -> 24602548 | Y8: =ABS((X8-W8)/W8)*100 -> 5.0749324 | Z8: ='2023a'!J162 -> 23414288 | AA8: ='2023a'!I162 -> 25595987 | AB8: =ABS((AA8-Z8)/Z8)*100 -> 9.3178105
B9: ='2023a'!P10 -> 23798221 | C9: ='2023a'!O10 -> 24555601 | D9: =ABS((C9-B9)/B9)*100 -> 3.1825084 | E9: ='2023a'!P29 -> 23798221 | F9: ='2023a'!O29 -> 24555601 | G9: =ABS((F9-E9)/E9)*100 -> 3.1825084 | H9: ='2023a'!P48 -> 23798221 | I9: ='2023a'!O48 -> 24555601 | J9: =ABS((I9-H9)/H9)*100 -> 3.1825084 | K9: ='2023a'!P67 -> 23798221 | L9: ='2023a'!O67 -> 24555601 | M9: =ABS((L9-K9)/K9)*100 -> 3.1825084 | N9: ='2023a'!P86 -> 23798221 | O9: ='2023a'!O86 -> 24555601 | P9: =ABS((O9-N9)/N9)*100 -> 3.1825084 | Q9: ='2023a'!P106 -> 23798221 | R9: ='2023a'!O106 -> 24555601 | S9: =ABS((R9-Q9)/Q9)*100 -> 3.1825084 | T9: ='2023a'!J125 -> 23798221 | U9: ='2023a'!I125 -> 23920559 | V9: =ABS((U9-T9)/T9)*100 -> 0.51406722 | W9: ='2023a'!J144 -> 23798221 | X9: ='2023a'!I144 -> 24843550 | Y9: =ABS((X9-W9)/W9)*100 -> 4.392468 | Z9: ='2023a'!J163 -> 23798221 | AA9: ='2023a'!I163 -> 24520076 | AB9: =ABS((AA9-Z9)/Z9)*100 -> 3.0332306
B10: ='2023a'!P11 -> 25703680 | C10: ='2023a'!O11 -> 25501121 | D10: =ABS((C10-B10)/B10)*100 -> 0.78805281 | E10: ='2023a'!P30 -> 25703680 | F10: ='2023a'!O30 -> 25501121 | G10: =ABS((F10-E10)/E10)*100 -> 0.78805281 | H10: ='2023a'!P49 -> 25703680 | I10: ='2023a'!O49 -> 25501121 | J10: =ABS((I10-H10)/H10)*100 -> 0.78805281 | K10: ='2023a'!P68 -> 25703680 | L10: ='2023a'!O68 -> 25501121 | M10: =ABS((L10-K10)/K10)*100 -> 0.78805281 | N10: ='2023a'!P87 -> 25703680 | O10: ='2023a'!O87 -> 25501121 | P10: =ABS((O10-N10)/N10)*100 -> 0.78805281 | Q10: ='2023a'!P107 -> 25703680 | R10: ='2023a'!O107 -> 25501121 | S10: =ABS((R10-Q10)/Q10)*100 -> 0.78805281 | T10: ='2023a'!J126 -> 25703680 | U10: ='2023a'!I126 -> 24210309 | V10: =ABS((U10-T10)/T10)*100 -> 5.8099482 | W10: ='2023a'!J145 -> 25703680 | X10: ='2023a'!I145 -> 24774185 | Y10: =ABS((X10-W10)/W10)*100 -> 3.6161919 | Z10: ='2023a'!J164 -> 25703680 | AA10: ='2023a'!I164 -> 23995250 | AB10: =ABS((AA10-Z10)/Z10)*100 -> 6.6466356
B11: ='2023a'!P12 -> 18556040 | C11: ='2023a'!O12 -> 20788039 | D11: =ABS((C11-B11)/B11)*100 -> 12.028424 | E11: ='2023a'!P31 -> 18556040 | F11: ='2023a'!O31 -> 20788039 | G11: =ABS((F11-E11)/E11)*100 -> 12.028424 | H11: ='2023a'!P50 -> 18556040 | I11: ='2023a'!O50 -> 20788039 | J11: =ABS((I11-H11)/H11)*100 -> 12.028424 | K11: ='2023a'!P69 -> 18556040 | L11: ='2023a'!O69 -> 20788039 | M11: =ABS((L11-K11)/K11)*100 -> 12.028424 | N11: ='2023a'!P88 -> 18556040 | O11: ='2023a'!O88 -> 20788039 | P11: =ABS((O11-N11)/N11)*100 -> 12.028424 | Q11: ='2023a'!P108 -> 18556040 | R11: ='2023a'!O108 -> 20788039 | S11: =ABS((R11-Q11)/Q11)*100 -> 12.028424 | T11: ='2023a'!J127 -> 18556040 | U11: ='2023a'!I127 -> 23650636 | V11: =ABS((U11-T11)/T11)*100 -> 27.455194 | W11: ='2023a'!J146 -> 18556040 | X11: ='2023a'!I146 -> 23483690 | Y11: =ABS((X11-W11)/W11)*100 -> 26.555507 | Z11: ='2023a'!J165 -> 18556040 | AA11: ='2023a'!I165 -> 23135450 | AB11: =ABS((AA11-Z11)/Z11)*100 -> 24.678816
B12: ='2023a'!P13 -> 20061148 | C12: ='2023a'!O13 -> 20381549 | D12: =ABS((C12-B12)/B12)*100 -> 1.5971219 | E12: ='2023a'!P32 -> 20061148 | F12: ='2023a'!O32 -> 20381549 | G12: =ABS((F12-E12)/E12)*100 -> 1.5971219 | H12: ='2023a'!P51 -> 20061148 | I12: ='2023a'!O51 -> 20381549 | J12: =ABS((I12-H12)/H12)*100 -> 1.5971219 | K12: ='2023a'!P70 -> 20061148 | L12: ='2023a'!O70 -> 20381549 | M12: =ABS((L12-K12)/K12)*100 -> 1.5971219 | N12: ='2023a'!P89 -> 20061148 | O12: ='2023a'!O89 -> 20381549 | P12: =ABS((O12-N12)/N12)*100 -> 1.5971219 | Q12: ='2023a'!P109 -> 20061148 | R12: ='2023a'!O109 -> 20381549 | S12: =ABS((R12-Q12)/Q12)*100 -> 1.5971219 | T12: ='2023a'!J128 -> 20061148 | U12: ='2023a'!I128 -> 23736156 | V12: =ABS((U12-T12)/T12)*100 -> 18.319035 | W12: ='2023a'!J147 -> 20061148 | X12: ='2023a'!I147 -> 22646786 | Y12: =ABS((X12-W12)/W12)*100 -> 12.888784 | Z12: ='2023a'!J166 -> 20061148 | AA12: ='2023a'!I166 -> 22024929 | AB12: =ABS((AA12-Z12)/Z12)*100 -> 9.7889802
B13: ='2023a'!P14 -> 22518593 | C13: ='2023a'!O14 -> 23873909 | D13: =ABS((C13-B13)/B13)*100 -> 6.0186542 | E13: ='2023a'!P33 -> 22518593 | F13: ='2023a'!O33 -> 23873909 | G13: =ABS((F13-E13)/E13)*100 -> 6.0186542 | H13: ='2023a'!P52 -> 22518593 | I13: ='2023a'!O52 -> 23873909 | J13: =ABS((I13-H13)/H13)*100 -> 6.0186542 | K13: ='2023a'!P71 -> 22518593 | L13: ='2023a'!O71 -> 23873909 | M13: =ABS((L13-K13)/K13)*100 -> 6.0186542 | N13: ='2023a'!P90 -> 22518593 | O13: ='2023a'!O90 -> 23873909 | P13: =ABS((O13-N13)/N13)*100 -> 6.0186542 | Q13: ='2023a'!P110 -> 22518593 | R13: ='2023a'!O110 -> 23873909 | S13: =ABS((R13-Q13)/Q13)*100 -> 6.0186542 | T13: ='2023a'!J129 -> 22518593 | U13: ='2023a'!I129 -> 24054813 | V13: =ABS((U13-T13)/T13)*100 -> 6.8220084 | W13: ='2023a'!J148 -> 22518593 | X13: ='2023a'!I148 -> 25011752 | Y13: =ABS((X13-W13)/W13)*100 -> 11.07156 | Z13: ='2023a'!J167 -> 22518593 | AA13: ='2023a'!I167 -> 25275191 | AB13: =ABS((AA13-Z13)/Z13)*100 -> 12.241433
B14: ='2023a'!P15 -> 25094944 | C14: ='2023a'!O15 -> 25609822 | D14: =ABS((C14-B14)/B14)*100 -> 2.0517215 | E14: ='2023a'!P34 -> 25094944 | F14: ='2023a'!O34 -> 25661064 | G14: =ABS((F14-E14)/E14)*100 -> 2.2559108 | H14: ='2023a'!P53 -> 25094944 | I14: ='2023a'!O53 -> 25680322 | J14: =ABS((I14-H14)/H14)*100 -> 2.3326519 | K14: ='2023a'!P72 -> 25094944 | L14: ='2023a'!O72 -> 25661122 | M14: =ABS((L14-K14)/K14)*100 -> 2.2561416 | N14: ='2023a'!P91 -> 25094944 | O14: ='2023a'!O91 -> 25678324 | P14: =ABS((O14-N14)/N14)*100 -> 2.3246893 | Q14: ='2023a'!P111 -> 25094944 | R14: ='2023a'!O111 -> 25667319 | S14: =ABS((R14-Q14)/Q14)*100 -> 2.2808372 | T14: ='2023a'!J130 -> 25094944 | U14: ='2023a'!I130 -> 23807154 | V14: =ABS((U14-T14)/T14)*100 -> 5.1316699 | W14: ='2023a'!J149 -> 25094944 | X14: ='2023a'!I149 -> 24843550 | Y14: =ABS((X14-W14)/W14)*100 -> 1.0017726 | Z14: ='2023a'!J168 -> 25094944 | AA14: ='2023a'!I168 -> 25968005 | AB14: =ABS((AA14-Z14)/Z14)*100 -> 3.4790293
B15: ='2023a'!P16 -> 23465167 | C15: ='2023a'!O16 -> 26106231 | D15: =ABS((C15-B15)/B15)*100 -> 11.255253 | E15: ='2023a'!P35 -> 23465167 | F15: ='2023a'!O35 -> 26106231 | G15: =ABS((F15-E15)/E15)*100 -> 11.255253 | H15: ='2023a'!P54 -> 23465167 | I15: ='2023a'!O54 -> 26106231 | J15: =ABS((I15-H15)/H15)*100 -> 11.255253 | K15: ='2023a'!P73 -> 23465167 | L15: ='2023a'!O73 -> 26106231 | M15: =ABS((L15-K15)/K15)*100 -> 11.255253 | N15: ='2023a'!P92 -> 23465167 | O15: ='2023a'!O92 -> 26106231 | P15: =ABS((O15-N15)/N15)*100 -> 11.255253 | Q15: ='2023a'!P112 -> 23465167 | R15: ='2023a'!O112 -> 26106231 | S15: =ABS((R15-Q15)/Q15)*100 -> 11.255253 | T15: ='2023a'!J131 -> 23465167 | U15: ='2023a'!I131 -> 23758093 | V15: =ABS((U15-T15)/T15)*100 -> 1.2483468 | W15: ='2023a'!J150 -> 23465167 | X15: ='2023a'!I150 -> 24513574 | Y15: =ABS((X15-W15)/W15)*100 -> 4.4679303 | Z15: ='2023a'!J169 -> 23465167 | AA15: ='2023a'!I169 -> 25887003 | AB15: =ABS((AA15-Z15)/Z15)*100 -> 10.320984
B16: ='2023a'!P17 -> 23458006 | C16: ='2023a'!O17 -> 26011189 | D16: =ABS((C16-B16)/B16)*100 -> 10.88406 | E16: ='2023a'!P36 -> 23458006 | F16: ='2023a'!O36 -> 26011189 | G16: =ABS((F16-E16)/E16)*100 -> 10.88406 | H16: ='2023a'!P55 -> 23458006 | I16: ='2023a'!O55 -> 26011189 | J16: =ABS((I16-H16)/H16)*100 -> 10.88406 | K16: ='2023a'!P74 -> 23458006 | L16: ='2023a'!O74 -> 26011189 | M16: =ABS((L16-K16)/K16)*100 -> 10.88406 | N16: ='2023a'!P93 -> 23458006 | O16: ='2023a'!O93 -> 26011189 | P16: =ABS((O16-N16)/N16)*100 -> 10.88406 | Q16: ='2023a'!P113 -> 23458006 | R16: ='2023a'!O113 -> 26011189 | S16: =ABS((R16-Q16)/Q16)*100 -> 10.88406 | T16: ='2023a'!J132 -> 23458006 | U16: ='2023a'!I132 -> 23765308 | V16: =ABS((U16-T16)/T16)*100 -> 1.3100089 | W16: ='2023a'!J151 -> 23458006 | X16: ='2023a'!I151 -> 24607848 | Y16: =ABS((X16-W16)/W16)*100 -> 4.9017049 | Z16: ='2023a'!J170 -> 23458006 | AA16: ='2023a'!I170 -> 25670596 | AB16: =ABS((AA16-Z16)/Z16)*100 -> 9.4321334
... B18: ='2023a'!P19 -> 23319886 | C18: ='2023a'!O19 -> 26038316 | D18: =ABS((C18-B18)/B18)*100 -> 11.657133 | E18: ='2023a'!P38 -> 23319886 | F18: ='2023a'!O38 -> 26155897 | G18: =ABS((F18-E18)/E18)*100 -> 12.161343 | H18: ='2023a'!P57 -> 23319886 | I18: ='2023a'!O57 -> 26155897 | J18: =ABS((I18-H18)/H18)*100 -> 12.161343 | K18: ='2023a'!P76 -> 23319886 | L18: ='2023a'!O76 -> 26155897 | M18: =ABS((L18-K18)/K18)*100 -> 12.161343 | N18: ='2023a'!P95 -> 23319886 | O18: ='2023a'!O95 -> 26155897 | P18: =ABS((O18-N18)/N18)*100 -> 12.161343 | Q18: ='2023a'!P115 -> 23319886 | R18: ='2023a'!O115 -> 26121483 | S18: =ABS((R18-Q18)/Q18)*100 -> 12.013769 | T18: ='2023a'!J134 -> 23319886 | U18: ='2023a'!I134 -> 23768366 | V18: =ABS((U18-T18)/T18)*100 -> 1.9231675 | W18: ='2023a'!J153 -> 23319886 | X18: ='2023a'!I153 -> 25216362 | Y18: =ABS((X18-W18)/W18)*100 -> 8.1324407 | Z18: ='2023a'!J172 -> 23319886 | AA18: ='2023a'!I172 -> 26490709 | AB18: =ABS((AA18-Z18)/Z18)*100 -> 13.59708
B19: MAPE | D19: =SUM(D5:D18)/14 -> 7.038808 | E19: MAPE | G19: =SUM(G5:G18)/14 -> 6.9868478 | H19: MAPE | J19: =SUM(J5:J18)/14 -> 6.9866339 | K19: MAPE | M19: =SUM(M5:M18)/14 -> 6.9877451 | N19: MAPE | P19: =SUM(P5:P18)/14 -> 6.9832859 | Q19: MAPE | S19: =SUM(S5:S18)/14 -> 6.9690739 | T19: MAPE | V19: =SUM(V5:V18)/14 -> 8.4575254 | W19: MAPE | Y19: =SUM(Y5:Y18)/14 -> 9.8841437 | Z19: MAPE | AB19: =SUM(AB5:AB18)/14 -> 11.3922
B20: RMSE | D20: =SQRT(SUMXMY2(B5:B18,C5:C18) / COUNT(B5:B18)) / 1000 -> 1926.7053 | E20: RMSE | G20: =SQRT(SUMXMY2(E5:E18,F5:F18) / COUNT(E5:E18)) / 1000 -> 1926.836 | H20: RMSE | J20: =SQRT(SUMXMY2(H5:H18,I5:I18) / COUNT(H5:H18)) / 1000 -> 1927.1368 | K20: RMSE | M20: =SQRT(SUMXMY2(K5:K18,L5:L18) / COUNT(K5:K18)) / 1000 -> 1926.8552 | N20: RMSE | P20: =SQRT(SUMXMY2(N5:N18,O5:O18) / COUNT(N5:N18)) / 1000 -> 1927.0436 | Q20: RMSE | S20: =SQRT(SUMXMY2(Q5:Q18,R5:R18) / COUNT(Q5:Q18)) / 1000 -> 1923.199 | T20: RMSE | V20: =SQRT(SUMXMY2(T5:T18,U5:U18) / COUNT(T5:T18)) / 1000 -> 2357.0103 | W20: RMSE | Y20: =SQRT(SUMXMY2(W5:W18,X5:X18) / COUNT(W5:W18)) / 1000 -> 2469.6422 | Z20: RMSE | AB20: =SQRT(SUMXMY2(Z5:Z18,AA5:AA18) / COUNT(Z5:Z18)) / 1000 -> 2711.0895
B21: MAE | D21: {=SUMPRODUCT(ABS(B5:B18 - C5:C18)) / COUNT(B5:B18) / 1000} -> 1538.5386 | E21: MAE | G21: {=SUMPRODUCT(ABS(E5:E18 - F5:F18)) / COUNT(E5:E18) / 1000} -> 1526.63 | H21: MAE | J21: {=SUMPRODUCT(ABS(H5:H18 - I5:I18)) / COUNT(H5:H18) / 1000} -> 1526.7878 | K21: MAE | M21: {=SUMPRODUCT(ABS(K5:K18 - L5:L18)) / COUNT(K5:K18) / 1000} -> 1526.8225 | N21: MAE | P21: {=SUMPRODUCT(ABS(N5:N18 - O5:O18)) / COUNT(N5:N18) / 1000} -> 1526.0507 | Q21: MAE | S21: {=SUMPRODUCT(ABS(Q5:Q18 - R5:R18)) / COUNT(Q5:Q18) / 1000} -> 1522.6914 | T21: MAE | V21: {=SUMPRODUCT(ABS(T5:T18 - U5:U18)) / COUNT(T5:T18) / 1000} -> 1768.5989 | W21: MAE | Y21: {=SUMPRODUCT(ABS(W5:W18 - X5:X18)) / COUNT(W5:W18) / 1000} -> 2100.3556 | Z21: MAE | AB21: {=SUMPRODUCT(ABS(Z5:Z18 - AA5:AA18)) / COUNT(Z5:Z18) / 1000} -> 2476.0176
B22: R2 | D22: =1 - (SUMXMY2(B5:B18,C5:C18) / DEVSQ(B5:B18)) -> 0.010867403 | E22: R2 | G22: =1 - (SUMXMY2(E5:E18,F5:F18) / DEVSQ(E5:E18)) -> 0.010733267 | H22: R2 | J22: =1 - (SUMXMY2(H5:H18,I5:I18) / DEVSQ(H5:H18)) -> 0.010424372 | K22: R2 | M22: =1 - (SUMXMY2(K5:K18,L5:L18) / DEVSQ(K5:K18)) -> 0.010713529 | N22: R2 | P22: =1 - (SUMXMY2(N5:N18,O5:O18) / DEVSQ(N5:N18)) -> 0.010520026 | Q22: R2 | S22: =1 - (SUMXMY2(Q5:Q18,R5:R18) / DEVSQ(Q5:Q18)) -> 0.014464261 | T22: R2 | V22: =1 - (SUMXMY2(T5:T18,U5:U18) / DEVSQ(T5:T18)) -> -0.48029025 | W22: R2 | Y22: =1 - (SUMXMY2(W5:W18,X5:X18) / DEVSQ(W5:W18)) -> -0.62514451 | Z22: R2 | AB22: =1 - (SUMXMY2(Z5:Z18,AA5:AA18) / DEVSQ(Z5:Z18)) -> -0.95844609

Sheet Result Performance 2024
B1: RESULT FORCASTING PERFORMANCE 2024
B3: Type-1 | E3: IT2-FIS | H3: IT2FIS-CSA | K3: IT2FIS-FA | N3: IT2FIS-ZOA | Q3: IT2FIS-OOA | T3: Support Vector Regression (SVR) | W3: Random Forest | Z3: XGBoost
B4: Actual | C4: Forecast | D4: Error | E4: Actual | F4: Forecast | G4: Error | H4: Actual | I4: Forecast | J4: Error | K4: Actual | L4: Forecast | M4: Error | N4: Actual | O4: Forecast | P4: Error | Q4: Actual | R4: Forecast | S4: Error | T4: Actual | U4: Forecast | V4: Error | W4: Actual | X4: Forecast | Y4: Error | Z4: Actual | AA4: Forecast | AB4: Error
B5: ='2024a'!P6 -> 25001165 | C5: ='2024a'!O6 -> 23845795 | D5: =ABS((C5-B5)/B5)*100 -> 4.6212667 | E5: ='2024a'!P25 -> 25001165 | F5: ='2024a'!O25 -> 23877096 | G5: =ABS((F5-E5)/E5)*100 -> 4.4960672 | H5: ='2024a'!P44 -> 25001165 | I5: ='2024a'!O44 -> 23877096 | J5: =ABS((I5-H5)/H5)*100 -> 4.4960672 | K5: ='2024a'!P63 -> 25001165 | L5: ='2024a'!O63 -> 23877096 | M5: =ABS((L5-K5)/K5)*100 -> 4.4960672 | N5: ='2024a'!P82 -> 25001165 | O5: ='2024a'!O82 -> 23877096 | P5: =ABS((O5-N5)/N5)*100 -> 4.4960672 | Q5: ='2024a'!P102 -> 25001165 | R5: ='2024a'!O102 -> 23877096 | S5: =ABS((R5-Q5)/Q5)*100 -> 4.4960672 | T5: ='2024a'!J121 -> 25001165 | U5: ='2024a'!I121 -> 22341811 | V5: =ABS((U5-T5)/T5)*100 -> 10.63692 | W5: ='2024a'!J140 -> 25001165 | X5: ='2024a'!I140 -> 23467018 | Y5: =ABS((X5-W5)/W5)*100 -> 6.1363015 | Z5: ='2024a'!J159 -> 25001165 | AA5: ='2024a'!I159 -> 24548994 | AB5: =ABS((AA5-Z5)/Z5)*100 -> 1.8086003
B6: ='2024a'!P7 -> 24512818 | C6: ='2024a'!O7 -> 23131784 | D6: =ABS((C6-B6)/B6)*100 -> 5.6339244 | E6: ='2024a'!P26 -> 24512818 | F6: ='2024a'!O26 -> 23131784 | G6: =ABS((F6-E6)/E6)*100 -> 5.6339244 | H6: ='2024a'!P45 -> 24512818 | I6: ='2024a'!O45 -> 23131784 | J6: =ABS((I6-H6)/H6)*100 -> 5.6339244 | K6: ='2024a'!P64 -> 24512818 | L6: ='2024a'!O64 -> 23131784 | M6: =ABS((L6-K6)/K6)*100 -> 5.6339244 | N6: ='2024a'!P83 -> 24512818 | O6: ='2024a'!O83 -> 23131784 | P6: =ABS((O6-N6)/N6)*100 -> 5.6339244 | Q6: ='2024a'!P103 -> 24512818 | R6: ='2024a'!O103 -> 23131784 | S6: =ABS((R6-Q6)/Q6)*100 -> 5.6339244 | T6: ='2024a'!J122 -> 24512818 | U6: ='2024a'!I122 -> 22433867 | V6: =ABS((U6-T6)/T6)*100 -> 8.4810751 | W6: ='2024a'!J141 -> 24512818 | X6: ='2024a'!I141 -> 22404539 | Y6: =ABS((X6-W6)/W6)*100 -> 8.6007179 | Z6: ='2024a'!J160 -> 24512818 | AA6: ='2024a'!I160 -> 23677099 | AB6: =ABS((AA6-Z6)/Z6)*100 -> 3.409315
B7: ='2024a'!P8 -> 24126175 | C7: ='2024a'!O8 -> 26655879 | D7: =ABS((C7-B7)/B7)*100 -> 10.485307 | E7: ='2024a'!P27 -> 24126175 | F7: ='2024a'!O27 -> 26655879 | G7: =ABS((F7-E7)/E7)*100 -> 10.485307 | H7: ='2024a'!P46 -> 24126175 | I7: ='2024a'!O46 -> 26655879 | J7: =ABS((I7-H7)/H7)*100 -> 10.485307 | K7: ='2024a'!P65 -> 24126175 | L7: ='2024a'!O65 -> 26655879 | M7: =ABS((L7-K7)/K7)*100 -> 10.485307 | N7: ='2024a'!P84 -> 24126175 | O7: ='2024a'!O84 -> 26655879 | P7: =ABS((O7-N7)/N7)*100 -> 10.485307 | Q7: ='2024a'!P104 -> 24126175 | R7: ='2024a'!O104 -> 26655879 | S7: =ABS((R7-Q7)/Q7)*100 -> 10.485307 | T7: ='2024a'!J123 -> 24126175 | U7: ='2024a'!I123 -> 22640657 | V7: =ABS((U7-T7)/T7)*100 -> 6.1572906 | W7: ='2024a'!J142 -> 24126175 | X7: ='2024a'!I142 -> 22526095 | Y7: =ABS((X7-W7)/W7)*100 -> 6.6321358 | Z7: ='2024a'!J161 -> 24126175 | AA7: ='2024a'!I161 -> 22238514 | AB7: =ABS((AA7-Z7)/Z7)*100 -> 7.8241234
B8: ='2024a'!P9 -> 25429719 | C8: ='2024a'!O9 -> 23149447 | D8: =ABS((C8-B8)/B8)*100 -> 8.9669542 | E8: ='2024a'!P28 -> 25429719 | F8: ='2024a'!O28 -> 23149447 | G8: =ABS((F8-E8)/E8)*100 -> 8.9669542 | H8: ='2024a'!P47 -> 25429719 | I8: ='2024a'!O47 -> 23152155 | J8: =ABS((I8-H8)/H8)*100 -> 8.9563084 | K8: ='2024a'!P66 -> 25429719 | L8: ='2024a'!O66 -> 23163978 | M8: =ABS((L8-K8)/K8)*100 -> 8.9098145 | N8: ='2024a'!P85 -> 25429719 | O8: ='2024a'!O85 -> 23153370 | P8: =ABS((O8-N8)/N8)*100 -> 8.9515286 | Q8: ='2024a'!P105 -> 25429719 | R8: ='2024a'!O105 -> 23153066 | S8: =ABS((R8-Q8)/Q8)*100 -> 8.9527236 | T8: ='2024a'!J124 -> 25429719 | U8: ='2024a'!I124 -> 22201767 | V8: =ABS((U8-T8)/T8)*100 -> 12.693618 | W8: ='2024a'!J143 -> 25429719 | X8: ='2024a'!I143 -> 22698448 | Y8: =ABS((X8-W8)/W8)*100 -> 10.740469 | Z8: ='2024a'!J162 -> 25429719 | AA8: ='2024a'!I162 -> 22494398 | AB8: =ABS((AA8-Z8)/Z8)*100 -> 11.542873
B9: ='2024a'!P10 -> 24516279 | C9: ='2024a'!O10 -> 21945655 | D9: =ABS((C9-B9)/B9)*100 -> 10.485377 | E9: ='2024a'!P29 -> 24516279 | F9: ='2024a'!O29 -> 21949382 | G9: =ABS((F9-E9)/E9)*100 -> 10.470174 | H9: ='2024a'!P48 -> 24516279 | I9: ='2024a'!O48 -> 21949382 | J9: =ABS((I9-H9)/H9)*100 -> 10.470174 | K9: ='2024a'!P67 -> 24516279 | L9: ='2024a'!O67 -> 21949382 | M9: =ABS((L9-K9)/K9)*100 -> 10.470174 | N9: ='2024a'!P86 -> 24516279 | O9: ='2024a'!O86 -> 21949382 | P9: =ABS((O9-N9)/N9)*100 -> 10.470174 | Q9: ='2024a'!P106 -> 24516279 | R9: ='2024a'!O106 -> 21949382 | S9: =ABS((R9-Q9)/Q9)*100 -> 10.470174 | T9: ='2024a'!J125 -> 24516279 | U9: ='2024a'!I125 -> 22051813 | V9: =ABS((U9-T9)/T9)*100 -> 10.052364 | W9: ='2024a'!J144 -> 24516279 | X9: ='2024a'!I144 -> 22277569 | Y9: =ABS((X9-W9)/W9)*100 -> 9.1315247 | Z9: ='2024a'!J163 -> 24516279 | AA9: ='2024a'!I163 -> 22134216 | AB9: =ABS((AA9-Z9)/Z9)*100 -> 9.7162488
B10: ='2024a'!P11 -> 23904977 | C10: ='2024a'!O11 -> 24204697 | D10: =ABS((C10-B10)/B10)*100 -> 1.2537946 | E10: ='2024a'!P30 -> 23904977 | F10: ='2024a'!O30 -> 24326916 | G10: =ABS((F10-E10)/E10)*100 -> 1.7650677 | H10: ='2024a'!P49 -> 23904977 | I10: ='2024a'!O49 -> 24326916 | J10: =ABS((I10-H10)/H10)*100 -> 1.7650677 | K10: ='2024a'!P68 -> 23904977 | L10: ='2024a'!O68 -> 24326916 | M10: =ABS((L10-K10)/K10)*100 -> 1.7650677 | N10: ='2024a'!P87 -> 23904977 | O10: ='2024a'!O87 -> 24326916 | P10: =ABS((O10-N10)/N10)*100 -> 1.7650677 | Q10: ='2024a'!P107 -> 23904977 | R10: ='2024a'!O107 -> 24243035 | S10: =ABS((R10-Q10)/Q10)*100 -> 1.4141709 | T10: ='2024a'!J126 -> 23904977 | U10: ='2024a'!I126 -> 23679296 | V10: =ABS((U10-T10)/T10)*100 -> 0.94407787 | W10: ='2024a'!J145 -> 23904977 | X10: ='2024a'!I145 -> 23446726 | Y10: =ABS((X10-W10)/W10)*100 -> 1.9169694 | Z10: ='2024a'!J164 -> 23904977 | AA10: ='2024a'!I164 -> 24357476 | AB10: =ABS((AA10-Z10)/Z10)*100 -> 1.8929054
B11: ='2024a'!P12 -> 20221836 | C11: ='2024a'!O12 -> 22844857 | D11: =ABS((C11-B11)/B11)*100 -> 12.971226 | E11: ='2024a'!P31 -> 20221836 | F11: ='2024a'!O31 -> 22844857 | G11: =ABS((F11-E11)/E11)*100 -> 12.971226 | H11: ='2024a'!P50 -> 20221836 | I11: ='2024a'!O50 -> 22844857 | J11: =ABS((I11-H11)/H11)*100 -> 12.971226 | K11: ='2024a'!P69 -> 20221836 | L11: ='2024a'!O69 -> 22844857 | M11: =ABS((L11-K11)/K11)*100 -> 12.971226 | N11: ='2024a'!P88 -> 20221836 | O11: ='2024a'!O88 -> 22844857 | P11: =ABS((O11-N11)/N11)*100 -> 12.971226 | Q11: ='2024a'!P108 -> 20221836 | R11: ='2024a'!O108 -> 22844857 | S11: =ABS((R11-Q11)/Q11)*100 -> 12.971226 | T11: ='2024a'!J127 -> 20221836 | U11: ='2024a'!I127 -> 21728444 | V11: =ABS((U11-T11)/T11)*100 -> 7.4504021 | W11: ='2024a'!J146 -> 20221836 | X11: ='2024a'!I146 -> 21325596 | Y11: =ABS((X11-W11)/W11)*100 -> 5.4582542 | Z11: ='2024a'!J165 -> 20221836 | AA11: ='2024a'!I165 -> 19682720 | AB11: =ABS((AA11-Z11)/Z11)*100 -> 2.6660097
B12: ='2024a'!P13 -> 20717923 | C12: ='2024a'!O13 -> 19453557 | D12: =ABS((C12-B12)/B12)*100 -> 6.1027619 | E12: ='2024a'!P32 -> 20717923 | F12: ='2024a'!O32 -> 19453557 | G12: =ABS((F12-E12)/E12)*100 -> 6.1027619 | H12: ='2024a'!P51 -> 20717923 | I12: ='2024a'!O51 -> 19453557 | J12: =ABS((I12-H12)/H12)*100 -> 6.1027619 | K12: ='2024a'!P70 -> 20717923 | L12: ='2024a'!O70 -> 19453557 | M12: =ABS((L12-K12)/K12)*100 -> 6.1027619 | N12: ='2024a'!P89 -> 20717923 | O12: ='2024a'!O89 -> 19453557 | P12: =ABS((O12-N12)/N12)*100 -> 6.1027619 | Q12: ='2024a'!P109 -> 20717923 | R12: ='2024a'!O109 -> 19453557 | S12: =ABS((R12-Q12)/Q12)*100 -> 6.1027619 | T12: ='2024a'!J128 -> 20717923 | U12: ='2024a'!I128 -> 21600443 | V12: =ABS((U12-T12)/T12)*100 -> 4.2596958 | W12: ='2024a'!J147 -> 20717923 | X12: ='2024a'!I147 -> 21206590 | Y12: =ABS((X12-W12)/W12)*100 -> 2.3586676 | Z12: ='2024a'!J166 -> 20717923 | AA12: ='2024a'!I166 -> 19669393 | AB12: =ABS((AA12-Z12)/Z12)*100 -> 5.0609781
B13: ='2024a'!P14 -> 25986092 | C13: ='2024a'!O14 -> 24317298 | D13: =ABS((C13-B13)/B13)*100 -> 6.4218709 | E13: ='2024a'!P33 -> 25986092 | F13: ='2024a'!O33 -> 24247473 | G13: =ABS((F13-E13)/E13)*100 -> 6.6905737 | H13: ='2024a'!P52 -> 25986092 | I13: ='2024a'!O52 -> 24236743 | J13: =ABS((I13-H13)/H13)*100 -> 6.7318649 | K13: ='2024a'!P71 -> 25986092 | L13: ='2024a'!O71 -> 24247634 | M13: =ABS((L13-K13)/K13)*100 -> 6.6899537 | N13: ='2024a'!P90 -> 25986092 | O13: ='2024a'!O90 -> 24245540 | P13: =ABS((O13-N13)/N13)*100 -> 6.6980136 | Q13: ='2024a'!P110 -> 25986092 | R13: ='2024a'!O110 -> 24250470 | S13: =ABS((R13-Q13)/Q13)*100 -> 6.679042 | T13: ='2024a'!J129 -> 25986092 | U13: ='2024a'!I129 -> 22118617 | V13: =ABS((U13-T13)/T13)*100 -> 14.882864 | W13: ='2024a'!J148 -> 25986092 | X13: ='2024a'!I148 -> 23597787 | Y13: =ABS((X13-W13)/W13)*100 -> 9.1907032 | Z13: ='2024a'!J167 -> 25986092 | AA13: ='2024a'!I167 -> 25217328 | AB13: =ABS((AA13-Z13)/Z13)*100 -> 2.9583657
B14: ='2024a'!P15 -> 26009815 | C14: ='2024a'!O15 -> 24704809 | D14: =ABS((C14-B14)/B14)*100 -> 5.017359 | E14: ='2024a'!P34 -> 26009815 | F14: ='2024a'!O34 -> 24882469 | G14: =ABS((F14-E14)/E14)*100 -> 4.3343108 | H14: ='2024a'!P53 -> 26009815 | I14: ='2024a'!O53 -> 24888425 | J14: =ABS((I14-H14)/H14)*100 -> 4.3114102 | K14: ='2024a'!P72 -> 26009815 | L14: ='2024a'!O72 -> 24884857 | M14: =ABS((L14-K14)/K14)*100 -> 4.3251279 | N14: ='2024a'!P91 -> 26009815 | O14: ='2024a'!O91 -> 24924959 | P14: =ABS((O14-N14)/N14)*100 -> 4.170946 | Q14: ='2024a'!P111 -> 26009815 | R14: ='2024a'!O111 -> 24926375 | S14: =ABS((R14-Q14)/Q14)*100 -> 4.1655043 | T14: ='2024a'!J130 -> 26009815 | U14: ='2024a'!I130 -> 22549861 | V14: =ABS((U14-T14)/T14)*100 -> 13.302492 | W14: ='2024a'!J149 -> 26009815 | X14: ='2024a'!I149 -> 23574382 | Y14: =ABS((X14-W14)/W14)*100 -> 9.3635129 | Z14: ='2024a'!J168 -> 26009815 | AA14: ='2024a'!I168 -> 23503917 | AB14: =ABS((AA14-Z14)/Z14)*100 -> 9.6344295
B15: ='2024a'!P16 -> 24792649 | C15: ='2024a'!O16 -> 26081224 | D15: =ABS((C15-B15)/B15)*100 -> 5.1974083 | E15: ='2024a'!P35 -> 24792649 | F15: ='2024a'!O35 -> 26081224 | G15: =ABS((F15-E15)/E15)*100 -> 5.1974083 | H15: ='2024a'!P54 -> 24792649 | I15: ='2024a'!O54 -> 26081224 | J15: =ABS((I15-H15)/H15)*100 -> 5.1974083 | K15: ='2024a'!P73 -> 24792649 | L15: ='2024a'!O73 -> 26081224 | M15: =ABS((L15-K15)/K15)*100 -> 5.1974083 | N15: ='2024a'!P92 -> 24792649 | O15: ='2024a'!O92 -> 26081224 | P15: =ABS((O15-N15)/N15)*100 -> 5.1974083 | Q15: ='2024a'!P112 -> 24792649 | R15: ='2024a'!O112 -> 26081224 | S15: =ABS((R15-Q15)/Q15)*100 -> 5.1974083 | T15: ='2024a'!J131 -> 24792649 | U15: ='2024a'!I131 -> 23006652 | V15: =ABS((U15-T15)/T15)*100 -> 7.2037374 | W15: ='2024a'!J150 -> 24792649 | X15: ='2024a'!I150 -> 22526095 | Y15: =ABS((X15-W15)/W15)*100 -> 9.1420417 | Z15: ='2024a'!J169 -> 24792649 | AA15: ='2024a'!I169 -> 22238514 | AB15: =ABS((AA15-Z15)/Z15)*100 -> 10.301986
B16: ='2024a'!P17 -> 23546634 | C16: ='2024a'!O17 -> 23365383 | D16: =ABS((C16-B16)/B16)*100 -> 0.76975592 | E16: ='2024a'!P36 -> 23546634 | F16: ='2024a'!O36 -> 23310987 | G16: =ABS((F16-E16)/E16)*100 -> 1.0007685 | H16: ='2024a'!P55 -> 23546634 | I16: ='2024a'!O55 -> 23306932 | J16: =ABS((I16-H16)/H16)*100 -> 1.0179883 | K16: ='2024a'!P74 -> 23546634 | L16: ='2024a'!O74 -> 23341026 | M16: =ABS((L16-K16)/K16)*100 -> 0.8731962 | N16: ='2024a'!P93 -> 23546634 | O16: ='2024a'!O93 -> 23309816 | P16: =ABS((O16-N16)/N16)*100 -> 1.0057404 | Q16: ='2024a'!P113 -> 23546634 | R16: ='2024a'!O113 -> 23319468 | S16: =ABS((R16-Q16)/Q16)*100 -> 0.96475237 | T16: ='2024a'!J132 -> 23546634 | U16: ='2024a'!I132 -> 22512655 | V16: =ABS((U16-T16)/T16)*100 -> 4.3911968 | W16: ='2024a'!J151 -> 23546634 | X16: ='2024a'!I151 -> 22296252 | Y16: =ABS((X16-W16)/W16)*100 -> 5.3102376 | Z16: ='2024a'!J170 -> 23546634 | AA16: ='2024a'!I170 -> 20706594 | AB16: =ABS((AA16-Z16)/Z16)*100 -> 12.061342
... B18: ='2024a'!P19 -> 25031136 | C18: ='2024a'!O19 -> 26172234 | D18: =ABS((C18-B18)/B18)*100 -> 4.5587156 | E18: ='2024a'!P38 -> 25031136 | F18: ='2024a'!O38 -> 26172234 | G18: =ABS((F18-E18)/E18)*100 -> 4.5587156 | H18: ='2024a'!P57 -> 25031136 | I18: ='2024a'!O57 -> 26172234 | J18: =ABS((I18-H18)/H18)*100 -> 4.5587156 | K18: ='2024a'!P76 -> 25031136 | L18: ='2024a'!O76 -> 26172234 | M18: =ABS((L18-K18)/K18)*100 -> 4.5587156 | N18: ='2024a'!P95 -> 25031136 | O18: ='2024a'!O95 -> 26172234 | P18: =ABS((O18-N18)/N18)*100 -> 4.5587156 | Q18: ='2024a'!P115 -> 25031136 | R18: ='2024a'!O115 -> 26172234 | S18: =ABS((R18-Q18)/Q18)*100 -> 4.5587156 | T18: ='2024a'!J134 -> 25031136 | U18: ='2024a'!I134 -> 23692700 | V18: =ABS((U18-T18)/T18)*100 -> 5.3470821 | W18: ='2024a'!J153 -> 25031136 | X18: ='2024a'!I153 -> 23560276 | Y18: =ABS((X18-W18)/W18)*100 -> 5.8761209 | Z18: ='2024a'!J172 -> 25031136 | AA18: ='2024a'!I172 -> 23793326 | AB18: =ABS((AA18-Z18)/Z18)*100 -> 4.945081
B19: MAPE | D19: =SUM(D5:D18)/14 -> 6.2938614 | E19: MAPE | G19: =SUM(G5:G18)/14 -> 6.2376323 | H19: MAPE | J19: =SUM(J5:J18)/14 -> 6.2394154 | K19: MAPE | M19: =SUM(M5:M18)/14 -> 6.2237383 | N19: MAPE | P19: =SUM(P5:P18)/14 -> 6.2257481 | Q19: MAPE | S19: =SUM(S5:S18)/14 -> 6.1960978 | T19: MAPE | V19: =SUM(V5:V18)/14 -> 7.8357423 | W19: MAPE | Y19: =SUM(Y5:Y18)/14 -> 6.7431021 | Z19: MAPE | AB19: =SUM(AB5:AB18)/14 -> 6.5817232
B20: RMSE | D20: =SQRT(SUMXMY2(B5:B18,C5:C18) / COUNT(B5:B18)) / 1000 -> 1671.9335 | E20: RMSE | G20: =SQRT(SUMXMY2(E5:E18,F5:F18) / COUNT(E5:E18)) / 1000 -> 1657.1132 | H20: RMSE | J20: =SQRT(SUMXMY2(H5:H18,I5:I18) / COUNT(H5:H18)) / 1000 -> 1657.4067 | K20: RMSE | M20: =SQRT(SUMXMY2(K5:K18,L5:L18) / COUNT(K5:K18)) / 1000 -> 1655.2749 | N20: RMSE | P20: =SQRT(SUMXMY2(N5:N18,O5:O18) / COUNT(N5:N18)) / 1000 -> 1654.8575 | Q20: RMSE | S20: =SQRT(SUMXMY2(Q5:Q18,R5:R18) / COUNT(Q5:Q18)) / 1000 -> 1652.9777 | T20: RMSE | V20: =SQRT(SUMXMY2(T5:T18,U5:U18) / COUNT(T5:T18)) / 1000 -> 2186.9139 | W20: RMSE | Y20: =SQRT(SUMXMY2(W5:W18,X5:X18) / COUNT(W5:W18)) / 1000 -> 1794.0909 | Z20: RMSE | AB20: =SQRT(SUMXMY2(Z5:Z18,AA5:AA18) / COUNT(Z5:Z18)) / 1000 -> 1830.5965
B21: MAE | D21: {=SUMPRODUCT(ABS(B5:B18 - C5:C18)) / COUNT(B5:B18) / 1000} -> 1497.6454 | E21: MAE | G21: {=SUMPRODUCT(ABS(E5:E18 - F5:F18)) / COUNT(E5:E18) / 1000} -> 1484.2444 | H21: MAE | J21: {=SUMPRODUCT(ABS(H5:H18 - I5:I18)) / COUNT(H5:H18) / 1000} -> 1484.6816 | K21: MAE | M21: {=SUMPRODUCT(ABS(K5:K18 - L5:L18)) / COUNT(K5:K18) / 1000} -> 1480.8788 | N21: MAE | P21: {=SUMPRODUCT(ABS(N5:N18 - O5:O18)) / COUNT(N5:N18) / 1000} -> 1481.1509 | Q21: MAE | S21: {=SUMPRODUCT(ABS(Q5:Q18 - R5:R18)) / COUNT(Q5:Q18) / 1000} -> 1474.0384 | T21: MAE | V21: {=SUMPRODUCT(ABS(T5:T18 - U5:U18)) / COUNT(T5:T18) / 1000} -> 1921.5739 | W21: MAE | Y21: {=SUMPRODUCT(ABS(W5:W18 - X5:X18)) / COUNT(W5:W18) / 1000} -> 1650.5035 | Z21: MAE | AB21: {=SUMPRODUCT(ABS(Z5:Z18 - AA5:AA18)) / COUNT(Z5:Z18) / 1000} -> 1594.9737
B22: R2 | D22: =1 - (SUMXMY2(B5:B18,C5:C18) / DEVSQ(B5:B18)) -> 0.025856624 | E22: R2 | G22: =1 - (SUMXMY2(E5:E18,F5:F18) / DEVSQ(E5:E18)) -> 0.043050032 | H22: R2 | J22: =1 - (SUMXMY2(H5:H18,I5:I18) / DEVSQ(H5:H18)) -> 0.042711009 | K22: R2 | M22: =1 - (SUMXMY2(K5:K18,L5:L18) / DEVSQ(K5:K18)) -> 0.045172067 | N22: R2 | P22: =1 - (SUMXMY2(N5:N18,O5:O18) / DEVSQ(N5:N18)) -> 0.045653543 | Q22: R2 | S22: =1 - (SUMXMY2(Q5:Q18,R5:R18) / DEVSQ(Q5:Q18)) -> 0.047820398 | T22: R2 | V22: =1 - (SUMXMY2(T5:T18,U5:U18) / DEVSQ(T5:T18)) -> -0.66666473 | W22: R2 | Y22: =1 - (SUMXMY2(W5:W18,X5:X18) / DEVSQ(W5:W18)) -> -0.12169234 | Z22: R2 | AB22: =1 - (SUMXMY2(Z5:Z18,AA5:AA18) / DEVSQ(Z5:Z18)) -> -0.1678044

Sheet Avarage
B3: No | C3: Years | D3: R2 | M3: RMSE (Kwh)
D4: SVR | E4: Random Forest | F4: XGBoost | G4: Fuzzy Type-1 | H4: IT2FIS | I4: IT2FIS-CSA | J4: IT2FIS-FA | K4: IT2FIS-ZOA | L4: IT2FIS-OOA | M4: SVR | N4: Random Forest | O4: XGBoost | P4: Fuzzy Type-1 | Q4: IT2FIS | R4: IT2FIS-CSA | S4: IT2FIS-FA | T4: IT2FIS-ZOA | U4: IT2FIS-OOA
B5: 1 | C5: 2023 | D5: ='Result Performance 2023'!V22 -> -0.48029025 | E5: ='Result Performance 2023'!Y22 -> -0.62514451 | F5: ='Result Performance 2023'!AB22 -> -0.95844609 | G5: ='Result Performance 2023'!D22 -> 0.010867403 | H5: ='Result Performance 2023'!G22 -> 0.010733267 | I5: ='Result Performance 2023'!J22 -> 0.010424372 | J5: ='Result Performance 2023'!M22 -> 0.010713529 | K5: ='Result Performance 2023'!P22 -> 0.010520026 | L5: ='Result Performance 2023'!S22 -> 0.014464261 | M5: ='Result Performance 2023'!V20 -> 2357.0103 | N5: ='Result Performance 2023'!Y20 -> 2469.6422 | O5: ='Result Performance 2023'!AB20 -> 2711.0895 | P5: ='Result Performance 2023'!D20 -> 1926.7053 | Q5: ='Result Performance 2023'!G20 -> 1926.836 | R5: ='Result Performance 2023'!J20 -> 1927.1368 | S5: ='Result Performance 2023'!M20 -> 1926.8552 | T5: ='Result Performance 2023'!P20 -> 1927.0436 | U5: ='Result Performance 2023'!S20 -> 1923.199
B6: 2 | C6: 2024 | D6: ='Result Performance 2024'!V22 -> -0.66666473 | E6: ='Result Performance 2024'!Y22 -> -0.12169234 | F6: ='Result Performance 2024'!AB22 -> -0.1678044 | G6: ='Result Performance 2024'!D22 -> 0.025856624 | H6: ='Result Performance 2024'!G22 -> 0.043050032 | I6: ='Result Performance 2024'!J22 -> 0.042711009 | J6: ='Result Performance 2024'!M22 -> 0.045172067 | K6: ='Result Performance 2024'!P22 -> 0.045653543 | L6: ='Result Performance 2024'!S22 -> 0.047820398 | M6: ='Result Performance 2024'!V20 -> 2186.9139 | N6: ='Result Performance 2024'!Y20 -> 1794.0909 | O6: ='Result Performance 2024'!AB20 -> 1830.5965 | P6: ='Result Performance 2024'!D20 -> 1671.9335 | Q6: ='Result Performance 2024'!G20 -> 1657.1132 | R6: ='Result Performance 2024'!J20 -> 1657.4067 | S6: ='Result Performance 2024'!M20 -> 1655.2749 | T6: ='Result Performance 2024'!P20 -> 1654.8575 | U6: ='Result Performance 2024'!S20 -> 1652.9777
B7: Average | D7: =(D5+D6)/2 -> -0.57347749 | E7: =(E5+E6)/2 -> -0.37341843 | F7: =(F5+F6)/2 -> -0.56312525 | G7: =(G5+G6)/2 -> 0.018362014 | H7: =(H5+H6)/2 -> 0.026891649 | I7: =(I5+I6)/2 -> 0.02656769 | J7: =(J5+J6)/2 -> 0.027942798 | K7: =(K5+K6)/2 -> 0.028086785 | ... U7: =(U5+U6)/2 -> 1788.0884
B8: No | C8: Years | D8: MAE (Kwh) | M8: MAPE (%)
D9: SVR | E9: Random Forest | F9: XGBoost | G9: Fuzzy Type-1 | H9: IT2FIS | I9: IT2FIS-CSA | J9: IT2FIS-FA | K9: IT2FIS-ZOA | L9: IT2FIS-OOA | M9: SVR | N9: Random Forest | O9: XGBoost | P9: Fuzzy Type-1 | Q9: IT2FIS | R9: IT2FIS-CSA | S9: IT2FIS-FA | T9: IT2FIS-ZOA | U9: IT2FIS-OOA
B10: 1 | C10: 2023 | D10: ='Result Performance 2023'!V21 -> 1768.5989 | E10: ='Result Performance 2023'!Y21 -> 2100.3556 | F10: ='Result Performance 2023'!AB21 -> 2476.0176 | G10: ='Result Performance 2023'!D21 -> 1538.5386 | H10: ='Result Performance 2023'!G21 -> 1526.63 | I10: ='Result Performance 2023'!J21 -> 1526.7878 | J10: ='Result Performance 2023'!M21 -> 1526.8225 | K10: ='Result Performance 2023'!P21 -> 1526.0507 | L10: ='Result Performance 2023'!S21 -> 1522.6914 | M10: ='Result Performance 2023'!V19 -> 8.4575254 | N10: ='Result Performance 2023'!Y19 -> 9.8841437 | O10: ='Result Performance 2023'!AB19 -> 11.3922 | P10: ='Result Performance 2023'!D19 -> 7.038808 | Q10: ='Result Performance 2023'!G19 -> 6.9868478 | R10: ='Result Performance 2023'!J19 -> 6.9866339 | S10: ='Result Performance 2023'!M19 -> 6.9877451 | T10: ='Result Performance 2023'!P19 -> 6.9832859 | U10: ='Result Performance 2023'!S19 -> 6.9690739
B11: 2 | C11: 2024 | D11: ='Result Performance 2024'!V21 -> 1921.5739 | E11: ='Result Performance 2024'!Y21 -> 1650.5035 | F11: ='Result Performance 2024'!AB21 -> 1594.9737 | G11: ='Result Performance 2024'!D21 -> 1497.6454 | H11: ='Result Performance 2024'!G21 -> 1484.2444 | I11: ='Result Performance 2024'!J21 -> 1484.6816 | J11: ='Result Performance 2024'!M21 -> 1480.8788 | K11: ='Result Performance 2024'!P21 -> 1481.1509 | L11: ='Result Performance 2024'!S21 -> 1474.0384 | M11: ='Result Performance 2024'!V19 -> 7.8357423 | N11: ='Result Performance 2024'!Y19 -> 6.7431021 | O11: ='Result Performance 2024'!AB19 -> 6.5817232 | P11: ='Result Performance 2024'!D19 -> 6.2938614 | Q11: ='Result Performance 2024'!G19 -> 6.2376323 | R11: ='Result Performance 2024'!J19 -> 6.2394154 | S11: ='Result Performance 2024'!M19 -> 6.2237383 | T11: ='Result Performance 2024'!P19 -> 6.2257481 | U11: ='Result Performance 2024'!S19 -> 6.1960978
B12: Average | D12: =(D10+D11)/2 -> 1845.0864 | E12: =(E10+E11)/2 -> 1875.4295 | F12: =(F10+F11)/2 -> 2035.4956 | G12: =(G10+G11)/2 -> 1518.092 | H12: =(H10+H11)/2 -> 1505.4372 | I12: =(I10+I11)/2 -> 1505.7347 | J12: =(J10+J11)/2 -> 1503.8506 | K12: =(K10+K11)/2 -> 1503.6008 | ... U12: =(U10+U11)/2 -> 6.5825859
